<?xml version="1.0" encoding="utf-8"?>
<COLLADA xmlns="http://www.collada.org/2005/11/COLLADASchema" version="1.4.1" xmlns:xsi="http://www.w3.org/2001/XMLSchema-instance">
  <asset>
    <contributor>
      <author>Blender User</author>
      <authoring_tool>Blender 3.6.0 commit date:2023-06-27, commit time:08:08, hash:c7fc78b81ecb</authoring_tool>
    </contributor>
    <created>2023-09-18T18:16:53</created>
    <modified>2023-09-18T18:16:53</modified>
    <unit name="meter" meter="1"/>
    <up_axis>Z_UP</up_axis>
  </asset>
  <library_effects>
    <effect id="Material_001-effect">
      <profile_COMMON>
        <technique sid="common">
          <lambert>
            <emission>
              <color sid="emission">0 0 0 1</color>
            </emission>
            <diffuse>
              <color sid="diffuse">0.01466943 0.01466943 0.01466943 1</color>
            </diffuse>
            <index_of_refraction>
              <float sid="ior">1.45</float>
            </index_of_refraction>
          </lambert>
        </technique>
      </profile_COMMON>
    </effect>
  </library_effects>
  <library_images/>
  <library_materials>
    <material id="Material_001-material" name="Material.001">
      <instance_effect url="#Material_001-effect"/>
    </material>
  </library_materials>
  <library_geometries>
    <geometry id="chin_top-mesh" name="chin_top">
      <mesh>
        <source id="chin_top-mesh-positions">
          <float_array id="chin_top-mesh-positions-array" count="2436">36.41034 0.8076878 6.321139 -36.41041 0.8076878 6.321139 41.44336 0.8076878 -3.378861 -41.44343 0.8076878 -3.378861 -41.44343 -2.192312 -3.378861 -36.41041 -11.01731 6.321139 -43.00003 -2.192312 -6.37886 -43.00003 -11.01731 -6.37886 42.99996 -2.192312 -6.37886 42.99996 -11.01731 -6.37886 41.44336 -2.192312 -3.378861 36.41034 -11.01731 6.321139 54.41034 -11.01731 6.321139 54.41034 2.982688 6.321139 -54.41041 2.982688 6.321139 -54.41041 -11.01731 6.321139 -54.41041 -11.01731 -6.37886 -54.41041 2.982688 -6.37886 54.41034 2.982688 -6.37886 54.41034 -11.01731 -6.37886 -49.45994 3.982688 -2.928645 -48.94169 3.982688 -3.21816 -54.41041 3.982688 -5.378865 -46.61811 3.982688 -3.415928 -46.05838 3.982688 -3.21816 46.05831 3.982688 -3.21816 -49.92182 3.982688 -2.555706 -54.41041 3.982688 5.321137 -47.50003 3.982688 3.471136 -48.09153 3.982688 3.420792 -48.38196 3.982688 -3.415928 -47.79685 3.982688 -3.516258 -47.20321 3.982688 -3.516258 44.37473 3.982688 -1.604573 44.68598 3.982688 -2.11008 47.20314 3.982688 -3.516258 47.79679 3.982688 -3.516258 54.41034 3.982688 -5.378865 48.38189 3.982688 -3.415928 48.94161 3.982688 -3.21816 -50.84662 3.982688 -1.053744 -50.62527 3.982688 -1.604573 -50.31402 3.982688 -2.11008 45.07818 3.982688 -2.555706 45.54005 3.982688 -2.928645 50.31395 3.982688 -2.11008 50.62521 3.982688 -1.604573 50.92141 3.982688 0.7085123 50.74758 3.982688 1.276135 54.41034 3.982688 5.321137 46.61804 3.982688 -3.415928 -46.90853 3.982688 3.420792 -46.33404 3.982688 3.271206 49.45988 3.982688 -2.928645 49.92175 3.982688 -2.555706 50.48032 3.982688 1.806214 50.12732 3.982688 2.283498 49.69873 3.982688 2.694263 49.2069 3.982688 3.026686 48.66596 3.982688 3.271206 48.09147 3.982688 3.420792 -48.66602 3.982688 3.271206 -49.20697 3.982688 3.026686 -49.6988 3.982688 2.694263 -50.12739 3.982688 2.283498 -50.48038 3.982688 1.806214 -50.74765 3.982688 1.276135 -45.07825 3.982688 -2.555706 -44.68604 3.982688 -2.11008 44.15338 3.982688 -1.053744 50.84654 3.982688 -1.053744 50.97162 3.982688 -0.4734254 50.99681 3.982688 0.119678 -50.92148 3.982688 0.7085123 -50.99688 3.982688 0.119678 -50.97168 3.982688 -0.4734254 47.49996 3.982688 3.471136 46.90847 3.982688 3.420792 46.33397 3.982688 3.271206 -45.7931 3.982688 3.026686 -45.30126 3.982688 2.694263 -45.54012 3.982688 -2.928645 45.3012 3.982688 2.694263 44.87261 3.982688 2.283498 -44.87268 3.982688 2.283498 45.79303 3.982688 3.026686 44.51961 3.982688 1.806214 44.25235 3.982688 1.276135 -44.51968 3.982688 1.806214 -44.07859 3.982688 0.7085123 -44.25242 3.982688 1.276135 44.00312 3.982688 0.119678 44.07852 3.982688 0.7085123 -44.37479 3.982688 -1.604573 -44.15345 3.982688 -1.053744 44.02832 3.982688 -0.4734254 -44.02838 3.982688 -0.4734254 -44.00319 3.982688 0.119678 -55.41041 2.982688 -5.378865 -55.41041 -10.01731 -5.378865 -55.41041 2.982688 5.321137 -55.41041 -10.01731 5.321137 -46.7998 -11.01731 -1.577952 -47.07167 -11.01731 -1.674012 -48.77618 -11.01731 1.094281 -48.56801 -11.01731 1.2938 -48.32912 -11.01731 1.455262 -48.06637 -11.01731 1.574031 -46.9337 -11.01731 1.574031 -46.67095 -11.01731 1.455262 -46.43206 -11.01731 1.2938 -46.22389 -11.01731 1.094281 -45.98206 -11.01731 -0.7942104 -46.13324 -11.01731 -1.039737 -49.16188 -11.01731 0.3292928 -49.07744 -11.01731 0.6049938 -48.94763 -11.01731 0.8624563 -47.78733 -11.01731 1.646682 -47.50003 -11.01731 1.671134 -47.21273 -11.01731 1.646682 -46.05243 -11.01731 0.8624563 -45.92262 -11.01731 0.6049938 -45.83819 -11.01731 0.3292928 -45.80157 -11.01731 0.04328727 -45.8138 -11.01731 -0.2447972 -45.87455 -11.01731 -0.52666 -47.35586 -11.01731 -1.722739 -47.6442 -11.01731 -1.722739 -47.9284 -11.01731 -1.674012 -48.20026 -11.01731 -1.577952 -48.45199 -11.01731 -1.437329 -46.32374 -11.01731 -1.256191 -46.54808 -11.01731 -1.437329 -48.67633 -11.01731 -1.256191 -48.86683 -11.01731 -1.039737 -49.018 -11.01731 -0.7942104 -49.12552 -11.01731 -0.52666 -49.18626 -11.01731 -0.2447972 -49.1985 -11.01731 0.04328727 55.41034 2.982688 5.321137 55.41034 -10.01731 5.321137 55.41034 2.982688 -5.378865 55.41034 -10.01731 -5.378865 45.80149 -11.01731 0.04328727 45.83812 -11.01731 0.3292928 48.2002 -11.01731 -1.577952 47.92832 -11.01731 -1.674012 47.0716 -11.01731 -1.674012 46.79973 -11.01731 -1.577952 47.35579 -11.01731 -1.722739 46.67089 -11.01731 1.455262 46.43199 -11.01731 1.2938 46.22382 -11.01731 1.094281 47.78726 -11.01731 1.646682 48.0663 -11.01731 1.574031 48.32904 -11.01731 1.455262 48.56793 -11.01731 1.2938 47.64414 -11.01731 -1.722739 45.92256 -11.01731 0.6049938 46.05236 -11.01731 0.8624563 46.93363 -11.01731 1.574031 47.21266 -11.01731 1.646682 47.49996 -11.01731 1.671134 48.77611 -11.01731 1.094281 48.94757 -11.01731 0.8624563 49.07737 -11.01731 0.6049938 49.16181 -11.01731 0.3292928 49.19844 -11.01731 0.04328727 49.1862 -11.01731 -0.2447972 49.12545 -11.01731 -0.52666 49.01794 -11.01731 -0.7942104 48.86676 -11.01731 -1.039737 48.67626 -11.01731 -1.256191 48.45192 -11.01731 -1.437329 46.54801 -11.01731 -1.437329 46.32367 -11.01731 -1.256191 46.13317 -11.01731 -1.039737 45.98199 -11.01731 -0.7942104 45.87448 -11.01731 -0.52666 45.81373 -11.01731 -0.2447972 47.49996 -2.017312 1.671134 47.78726 -2.017312 1.646682 48.0663 -2.017312 1.574031 48.32904 -2.017312 1.455262 48.56793 -2.017312 1.2938 48.77611 -2.017312 1.094281 48.94757 -2.017312 0.8624563 49.07737 -2.017312 0.6049938 49.16181 -2.017312 0.3292928 49.19844 -2.017312 0.04328727 49.1862 -2.017312 -0.2447972 49.12545 -2.017312 -0.52666 49.01794 -2.017312 -0.7942104 48.86676 -2.017312 -1.039737 48.67626 -2.017312 -1.256191 48.45192 -2.017312 -1.437329 48.2002 -2.017312 -1.577952 47.92832 -2.017312 -1.674012 47.64414 -2.017312 -1.722739 47.35579 -2.017312 -1.722739 47.0716 -2.017312 -1.674012 46.79973 -2.017312 -1.577952 46.54801 -2.017312 -1.437329 46.32367 -2.017312 -1.256191 46.13317 -2.017312 -1.039737 45.98199 -2.017312 -0.7942104 45.87448 -2.017312 -0.52666 45.81373 -2.017312 -0.2447972 45.80149 -2.017312 0.04328727 45.83812 -2.017312 0.3292928 45.92256 -2.017312 0.6049938 46.05236 -2.017312 0.8624563 46.22382 -2.017312 1.094281 46.43199 -2.017312 1.2938 46.67089 -2.017312 1.455262 46.93363 -2.017312 1.574031 47.21266 -2.017312 1.646682 49.92175 -2.017312 -2.555706 49.45988 -2.017312 -2.928645 48.94161 -2.017312 -3.21816 48.38189 -2.017312 -3.415928 47.79679 -2.017312 -3.516258 47.20314 -2.017312 -3.516258 46.61804 -2.017312 -3.415928 46.05831 -2.017312 -3.21816 45.54005 -2.017312 -2.928645 45.07818 -2.017312 -2.555706 44.68598 -2.017312 -2.11008 44.37473 -2.017312 -1.604573 44.15338 -2.017312 -1.053744 44.02832 -2.017312 -0.4734254 44.00312 -2.017312 0.119678 44.07852 -2.017312 0.7085123 44.25235 -2.017312 1.276135 44.51961 -2.017312 1.806214 44.87261 -2.017312 2.283498 45.3012 -2.017312 2.694263 45.79303 -2.017312 3.026686 46.33397 -2.017312 3.271206 46.90847 -2.017312 3.420792 47.49996 -2.017312 3.471136 48.09147 -2.017312 3.420792 48.66596 -2.017312 3.271206 49.2069 -2.017312 3.026686 49.69873 -2.017312 2.694263 50.12732 -2.017312 2.283498 50.48032 -2.017312 1.806214 50.74758 -2.017312 1.276135 50.92141 -2.017312 0.7085123 50.99681 -2.017312 0.119678 50.97162 -2.017312 -0.4734254 50.84654 -2.017312 -1.053744 50.62521 -2.017312 -1.604573 50.31395 -2.017312 -2.11008 -47.50003 -2.017312 1.671134 -47.21273 -2.017312 1.646682 -46.9337 -2.017312 1.574031 -46.67095 -2.017312 1.455262 -46.43206 -2.017312 1.2938 -46.22389 -2.017312 1.094281 -46.05243 -2.017312 0.8624563 -45.92262 -2.017312 0.6049938 -45.83819 -2.017312 0.3292928 -45.80157 -2.017312 0.04328727 -45.8138 -2.017312 -0.2447972 -45.87455 -2.017312 -0.52666 -45.98206 -2.017312 -0.7942104 -46.13324 -2.017312 -1.039737 -46.32374 -2.017312 -1.256191 -46.54808 -2.017312 -1.437329 -46.7998 -2.017312 -1.577952 -47.07167 -2.017312 -1.674012 -47.35586 -2.017312 -1.722739 -47.6442 -2.017312 -1.722739 -47.9284 -2.017312 -1.674012 -48.20026 -2.017312 -1.577952 -48.45199 -2.017312 -1.437329 -48.67633 -2.017312 -1.256191 -48.86683 -2.017312 -1.039737 -49.018 -2.017312 -0.7942104 -49.12552 -2.017312 -0.52666 -49.18626 -2.017312 -0.2447972 -49.1985 -2.017312 0.04328727 -49.16188 -2.017312 0.3292928 -49.07744 -2.017312 0.6049938 -48.94763 -2.017312 0.8624563 -48.77618 -2.017312 1.094281 -48.56801 -2.017312 1.2938 -48.32912 -2.017312 1.455262 -48.06637 -2.017312 1.574031 -47.78733 -2.017312 1.646682 -45.07825 -2.017312 -2.555706 -45.54012 -2.017312 -2.928645 -46.05838 -2.017312 -3.21816 -46.61811 -2.017312 -3.415928 -47.20321 -2.017312 -3.516258 -47.79685 -2.017312 -3.516258 -48.38196 -2.017312 -3.415928 -48.94169 -2.017312 -3.21816 -49.45994 -2.017312 -2.928645 -49.92182 -2.017312 -2.555706 -50.31402 -2.017312 -2.11008 -50.62527 -2.017312 -1.604573 -50.84662 -2.017312 -1.053744 -50.97168 -2.017312 -0.4734254 -50.99688 -2.017312 0.119678 -50.92148 -2.017312 0.7085123 -50.74765 -2.017312 1.276135 -50.48038 -2.017312 1.806214 -50.12739 -2.017312 2.283498 -49.6988 -2.017312 2.694263 -49.20697 -2.017312 3.026686 -48.66602 -2.017312 3.271206 -48.09153 -2.017312 3.420792 -47.50003 -2.017312 3.471136 -46.90853 -2.017312 3.420792 -46.33404 -2.017312 3.271206 -45.7931 -2.017312 3.026686 -45.30126 -2.017312 2.694263 -44.87268 -2.017312 2.283498 -44.51968 -2.017312 1.806214 -44.25242 -2.017312 1.276135 -44.07859 -2.017312 0.7085123 -44.00319 -2.017312 0.119678 -44.02838 -2.017312 -0.4734254 -44.15345 -2.017312 -1.053744 -44.37479 -2.017312 -1.604573 -44.68604 -2.017312 -2.11008 55.39803 2.982688 5.477569 55.39803 -10.17375 5.477569 55.3614 2.982688 5.630157 55.3614 -10.32633 5.630157 55.30135 2.982688 5.775131 55.30135 -10.4713 5.775131 55.21936 2.982688 5.908921 55.21936 -10.6051 5.908921 55.11745 2.982688 6.028242 55.11745 -10.72442 6.028242 54.99813 2.982688 6.13015 54.99813 -10.82633 6.13015 54.93284 -10.86995 6.173774 54.86434 2.982688 6.212144 54.86434 -10.90832 6.212144 54.79302 -10.94119 6.245017 54.71936 2.982688 6.272196 54.71936 -10.96837 6.272196 54.64379 -10.98968 6.293505 54.56678 2.982688 6.308823 54.56678 -11.005 6.308823 54.4888 -11.01423 6.318055 -54.41041 3.970376 5.477569 54.41034 3.970376 5.477569 -54.41041 3.933744 5.630157 54.41034 3.933744 5.630157 -54.41041 3.873694 5.775131 54.41034 3.873694 5.775131 -54.41041 3.791705 5.908921 54.41034 3.791705 5.908921 -54.41041 3.689795 6.028242 54.41034 3.689795 6.028242 -54.41041 3.570473 6.13015 54.41034 3.570473 6.13015 -54.41041 3.436678 6.212144 54.41034 3.436678 6.212144 -54.41041 3.291705 6.272196 54.41034 3.291705 6.272196 -54.41041 3.139122 6.308823 54.41034 3.139122 6.308823 -54.48887 -11.01423 6.318055 -54.56684 2.982688 6.308823 -54.56684 -11.005 6.308823 -54.64385 -10.98968 6.293505 -54.71943 2.982688 6.272196 -54.71943 -10.96837 6.272196 -54.79309 -10.94119 6.245017 -54.8644 2.982688 6.212144 -54.8644 -10.90832 6.212144 -54.93291 -10.86995 6.173774 -54.99819 2.982688 6.13015 -54.99819 -10.82633 6.13015 -55.11752 2.982688 6.028242 -55.11752 -10.72442 6.028242 -55.21943 2.982688 5.908921 -55.21943 -10.6051 5.908921 -55.30142 2.982688 5.775131 -55.30142 -10.4713 5.775131 -55.36147 2.982688 5.630157 -55.36147 -10.32633 5.630157 -55.3981 2.982688 5.477569 -55.3981 -10.17375 5.477569 54.71936 -10.96837 -6.329917 54.79302 -10.94119 -6.302745 54.86434 -10.90832 -6.269873 54.93284 -10.86995 -6.231503 54.99813 -10.82633 -6.187879 55.11745 -10.72442 -6.08597 55.21936 -10.6051 -5.966649 55.30135 -10.4713 -5.832851 55.3614 -10.32633 -5.687878 55.39803 -10.17375 -5.535298 54.64379 -10.98968 -6.351233 54.56678 -11.005 -6.366551 54.4888 -11.01423 -6.375783 54.56485 3.958216 5.477569 54.66034 3.164324 6.272196 54.5369 3.074637 6.308823 54.54972 3.053707 6.308823 54.56485 3.007159 6.308823 54.52096 3.093304 6.308823 54.62885 3.201196 6.272196 54.73136 3.303707 6.212144 54.50229 3.109246 6.308823 54.68568 3.122978 6.272196 54.55912 3.031029 6.308823 54.70423 3.078179 6.272196 54.71556 3.031029 6.272196 54.59197 3.232688 6.272196 54.67719 3.349974 6.212144 54.75583 3.458216 6.13015 54.48136 3.122072 6.308823 54.77763 3.249536 6.212144 54.81485 3.188795 6.212144 54.84211 3.122978 6.212144 54.85874 3.053707 6.212144 54.55063 3.258024 6.272196 54.61645 3.387197 6.212144 54.67719 3.506409 6.13015 54.73136 3.612724 6.028242 54.45868 3.131466 6.308823 54.82597 3.398314 6.13015 54.88587 3.328179 6.13015 54.93406 3.249536 6.13015 54.96936 3.164324 6.13015 54.99089 3.074637 6.13015 54.50583 3.276581 6.272196 54.55063 3.414458 6.212144 54.59197 3.541705 6.13015 54.62885 3.655187 6.028242 54.66034 3.752109 5.908921 54.43482 3.137197 6.308823 54.82597 3.554749 6.028242 54.91034 3.482688 6.028242 54.9824 3.398314 6.028242 55.04038 3.303707 6.028242 55.08284 3.201196 6.028242 55.10874 3.093304 6.028242 54.45868 3.2879 6.272196 54.48136 3.431089 6.212144 54.50229 3.563236 6.13015 54.52096 3.681089 6.028242 54.5369 3.781745 5.908921 54.54972 3.862724 5.775131 54.77763 3.703527 5.908921 54.88587 3.637197 5.908921 54.9824 3.554749 5.908921 55.06485 3.458216 5.908921 55.13118 3.349974 5.908921 55.17976 3.232688 5.908921 55.2094 3.109246 5.908921 54.68568 3.830086 5.775131 54.81485 3.776581 5.775131 54.93406 3.703527 5.775131 55.04038 3.612724 5.775131 55.13118 3.506409 5.775131 55.20423 3.387197 5.775131 55.25774 3.258024 5.775131 55.29038 3.122072 5.775131 54.55912 3.922035 5.630157 54.70423 3.887197 5.630157 54.84211 3.830086 5.630157 54.96936 3.752109 5.630157 55.08284 3.655187 5.630157 55.17976 3.541705 5.630157 55.25774 3.414458 5.630157 55.31485 3.276581 5.630157 55.34969 3.131466 5.630157 54.71556 3.922035 5.477569 54.85874 3.862724 5.477569 54.99089 3.781745 5.477569 55.10874 3.681089 5.477569 55.2094 3.563236 5.477569 55.29038 3.431089 5.477569 55.34969 3.2879 5.477569 55.38587 3.137197 5.477569 54.56678 3.970376 5.321137 54.71936 3.933744 5.321137 54.86434 3.873694 5.321137 54.99813 3.791705 5.321137 55.11745 3.689795 5.321137 55.21936 3.570473 5.321137 55.30135 3.436678 5.321137 55.3614 3.291705 5.321137 55.39803 3.139122 5.321137 -55.38594 3.137197 5.477569 -54.59205 3.232688 6.272196 -54.50236 3.109246 6.308823 -54.48143 3.122072 6.308823 -54.43488 3.137197 6.308823 -54.52103 3.093304 6.308823 -54.62892 3.201196 6.272196 -54.73143 3.303707 6.212144 -54.53697 3.074637 6.308823 -54.5507 3.258024 6.272196 -54.45875 3.131466 6.308823 -54.5059 3.276581 6.272196 -54.45875 3.2879 6.272196 -54.66041 3.164324 6.272196 -54.7777 3.249536 6.212144 -54.88594 3.328179 6.13015 -54.5498 3.053707 6.308823 -54.67726 3.349974 6.212144 -54.61652 3.387197 6.212144 -54.5507 3.414458 6.212144 -54.48143 3.431089 6.212144 -54.68574 3.122978 6.272196 -54.81492 3.188795 6.212144 -54.93413 3.249536 6.13015 -55.04045 3.303707 6.028242 -54.55919 3.031029 6.308823 -54.82604 3.398314 6.13015 -54.7559 3.458216 6.13015 -54.67726 3.506409 6.13015 -54.59205 3.541705 6.13015 -54.50236 3.563236 6.13015 -54.7043 3.078179 6.272196 -54.84218 3.122978 6.212144 -54.96942 3.164324 6.13015 -55.08291 3.201196 6.028242 -55.17983 3.232688 5.908921 -54.56492 3.007159 6.308823 -54.98247 3.398314 6.028242 -54.91041 3.482688 6.028242 -54.82604 3.554749 6.028242 -54.73143 3.612724 6.028242 -54.62892 3.655187 6.028242 -54.52103 3.681089 6.028242 -54.71562 3.031029 6.272196 -54.85881 3.053707 6.212144 -54.99096 3.074637 6.13015 -55.10881 3.093304 6.028242 -55.20947 3.109246 5.908921 -55.29045 3.122072 5.775131 -55.13125 3.349974 5.908921 -55.06492 3.458216 5.908921 -54.98247 3.554749 5.908921 -54.88594 3.637197 5.908921 -54.7777 3.703527 5.908921 -54.66041 3.752109 5.908921 -54.53697 3.781745 5.908921 -55.25781 3.258024 5.775131 -55.2043 3.387197 5.775131 -55.13125 3.506409 5.775131 -55.04045 3.612724 5.775131 -54.93413 3.703527 5.775131 -54.81492 3.776581 5.775131 -54.68574 3.830086 5.775131 -54.5498 3.862724 5.775131 -55.34976 3.131466 5.630157 -55.31492 3.276581 5.630157 -55.25781 3.414458 5.630157 -55.17983 3.541705 5.630157 -55.08291 3.655187 5.630157 -54.96942 3.752109 5.630157 -54.84218 3.830086 5.630157 -54.7043 3.887197 5.630157 -54.55919 3.922035 5.630157 -55.34976 3.2879 5.477569 -55.29045 3.431089 5.477569 -55.20947 3.563236 5.477569 -55.10881 3.681089 5.477569 -54.99096 3.781745 5.477569 -54.85881 3.862724 5.477569 -54.71562 3.922035 5.477569 -54.56492 3.958216 5.477569 -55.3981 3.139122 5.321137 -55.36147 3.291705 5.321137 -55.30142 3.436678 5.321137 -55.21943 3.570473 5.321137 -55.11752 3.689795 5.321137 -54.99819 3.791705 5.321137 -54.8644 3.873694 5.321137 -54.71943 3.933744 5.321137 -54.56684 3.970376 5.321137 -54.48887 -11.01423 -6.375783 -54.56684 -11.005 -6.366551 -54.64385 -10.98968 -6.351233 -54.71943 -10.96837 -6.329917 -54.79309 -10.94119 -6.302745 -54.8644 -10.90832 -6.269873 -54.93291 -10.86995 -6.231503 -54.99819 -10.82633 -6.187879 -55.11752 -10.72442 -6.08597 -55.21943 -10.6051 -5.966649 -55.30142 -10.4713 -5.832851 -55.36147 -10.32633 -5.687878 -55.3981 -10.17375 -5.535298 54.56678 2.982688 -6.366551 54.71936 2.982688 -6.329917 54.86434 2.982688 -6.269873 54.99813 2.982688 -6.187879 55.11745 2.982688 -6.08597 55.21936 2.982688 -5.966649 55.30135 2.982688 -5.832851 55.3614 2.982688 -5.687878 55.39803 2.982688 -5.535298 55.39803 3.139122 -5.378865 55.3614 3.291705 -5.378865 55.30135 3.436678 -5.378865 55.21936 3.570473 -5.378865 55.11745 3.689795 -5.378865 54.99813 3.791705 -5.378865 54.86434 3.873694 -5.378865 54.71936 3.933744 -5.378865 54.56678 3.970376 -5.378865 -55.3981 3.139122 -5.378865 -55.36147 3.291705 -5.378865 -55.30142 3.436678 -5.378865 -55.21943 3.570473 -5.378865 -55.11752 3.689795 -5.378865 -54.99819 3.791705 -5.378865 -54.8644 3.873694 -5.378865 -54.71943 3.933744 -5.378865 -54.56684 3.970376 -5.378865 -55.3981 2.982688 -5.535298 -55.36147 2.982688 -5.687878 -55.30142 2.982688 -5.832851 -55.21943 2.982688 -5.966649 -55.11752 2.982688 -6.08597 -54.99819 2.982688 -6.187879 -54.8644 2.982688 -6.269873 -54.71943 2.982688 -6.329917 -54.56684 2.982688 -6.366551 54.56678 3.958216 -5.533368 55.3614 3.164324 -5.628862 55.39803 3.074637 -5.505421 55.39803 3.053707 -5.518251 55.39803 3.007159 -5.533368 55.39803 3.093304 -5.489477 55.3614 3.201196 -5.597369 55.30135 3.303707 -5.699881 55.39803 3.109246 -5.470813 55.3614 3.122978 -5.654201 55.39803 3.031029 -5.527638 55.3614 3.078179 -5.672753 55.3614 3.031029 -5.684078 55.3614 3.232688 -5.560496 55.30135 3.349974 -5.645715 55.21936 3.458216 -5.724356 55.39803 3.122072 -5.449884 55.30135 3.249536 -5.746149 55.30135 3.188795 -5.783372 55.30135 3.122978 -5.810634 55.30135 3.053707 -5.827264 55.3614 3.258024 -5.519153 55.30135 3.387197 -5.584971 55.21936 3.506409 -5.645715 55.11745 3.612724 -5.699881 55.39803 3.131466 -5.427205 55.21936 3.398314 -5.794488 55.21936 3.328179 -5.854391 55.21936 3.249536 -5.902582 55.21936 3.164324 -5.937882 55.21936 3.074637 -5.959414 55.3614 3.276581 -5.474352 55.30135 3.414458 -5.519153 55.21936 3.541705 -5.560496 55.11745 3.655187 -5.597369 54.99813 3.752109 -5.628862 55.39803 3.137197 -5.403333 55.11745 3.554749 -5.794488 55.11745 3.482688 -5.878866 55.11745 3.398314 -5.950921 55.11745 3.303707 -6.008902 55.11745 3.201196 -6.051362 55.11745 3.093304 -6.077268 55.3614 3.2879 -5.427205 55.30135 3.431089 -5.449884 55.21936 3.563236 -5.470813 55.11745 3.681089 -5.489477 54.99813 3.781745 -5.505421 54.86434 3.862724 -5.518251 54.99813 3.703527 -5.746149 54.99813 3.637197 -5.854391 54.99813 3.554749 -5.950921 54.99813 3.458216 -6.033369 54.99813 3.349974 -6.099702 54.99813 3.232688 -6.148287 54.99813 3.109246 -6.177918 54.86434 3.830086 -5.654201 54.86434 3.776581 -5.783372 54.86434 3.703527 -5.902582 54.86434 3.612724 -6.008902 54.86434 3.506409 -6.099702 54.86434 3.387197 -6.172755 54.86434 3.258024 -6.226257 54.86434 3.122072 -6.258898 54.71936 3.922035 -5.527638 54.71936 3.887197 -5.672753 54.71936 3.830086 -5.810634 54.71936 3.752109 -5.937882 54.71936 3.655187 -6.051362 54.71936 3.541705 -6.148287 54.71936 3.414458 -6.226257 54.71936 3.276581 -6.283373 54.71936 3.131466 -6.318212 54.56678 3.922035 -5.684078 54.56678 3.862724 -5.827264 54.56678 3.781745 -5.959414 54.56678 3.681089 -6.077268 54.56678 3.563236 -6.177918 54.56678 3.431089 -6.258898 54.56678 3.2879 -6.318212 54.56678 3.137197 -6.354392 54.41034 3.970376 -5.535298 54.41034 3.933744 -5.687878 54.41034 3.873694 -5.832851 54.41034 3.791705 -5.966649 54.41034 3.689795 -6.08597 54.41034 3.570473 -6.187879 54.41034 3.436678 -6.269873 54.41034 3.291705 -6.329917 54.41034 3.139122 -6.366551 -54.56684 3.137197 -6.354392 -55.36147 3.232688 -5.560496 -55.3981 3.109246 -5.470813 -55.3981 3.122072 -5.449884 -55.3981 3.137197 -5.403333 -55.3981 3.093304 -5.489477 -55.36147 3.201196 -5.597369 -55.30142 3.303707 -5.699881 -55.3981 3.074637 -5.505421 -55.36147 3.258024 -5.519153 -55.3981 3.131466 -5.427205 -55.36147 3.276581 -5.474352 -55.36147 3.2879 -5.427205 -55.36147 3.164324 -5.628862 -55.30142 3.249536 -5.746149 -55.21943 3.328179 -5.854391 -55.3981 3.053707 -5.518251 -55.30142 3.349974 -5.645715 -55.30142 3.387197 -5.584971 -55.30142 3.414458 -5.519153 -55.30142 3.431089 -5.449884 -55.36147 3.122978 -5.654201 -55.30142 3.188795 -5.783372 -55.21943 3.249536 -5.902582 -55.11752 3.303707 -6.008902 -55.3981 3.031029 -5.527638 -55.21943 3.398314 -5.794488 -55.21943 3.458216 -5.724356 -55.21943 3.506409 -5.645715 -55.21943 3.541705 -5.560496 -55.21943 3.563236 -5.470813 -55.36147 3.078179 -5.672753 -55.30142 3.122978 -5.810634 -55.21943 3.164324 -5.937882 -55.11752 3.201196 -6.051362 -54.99819 3.232688 -6.148287 -55.3981 3.007159 -5.533368 -55.11752 3.398314 -5.950921 -55.11752 3.482688 -5.878866 -55.11752 3.554749 -5.794488 -55.11752 3.612724 -5.699881 -55.11752 3.655187 -5.597369 -55.11752 3.681089 -5.489477 -55.36147 3.031029 -5.684078 -55.30142 3.053707 -5.827264 -55.21943 3.074637 -5.959414 -55.11752 3.093304 -6.077268 -54.99819 3.109246 -6.177918 -54.8644 3.122072 -6.258898 -54.99819 3.349974 -6.099702 -54.99819 3.458216 -6.033369 -54.99819 3.554749 -5.950921 -54.99819 3.637197 -5.854391 -54.99819 3.703527 -5.746149 -54.99819 3.752109 -5.628862 -54.99819 3.781745 -5.505421 -54.8644 3.258024 -6.226257 -54.8644 3.387197 -6.172755 -54.8644 3.506409 -6.099702 -54.8644 3.612724 -6.008902 -54.8644 3.703527 -5.902582 -54.8644 3.776581 -5.783372 -54.8644 3.830086 -5.654201 -54.8644 3.862724 -5.518251 -54.71943 3.131466 -6.318212 -54.71943 3.276581 -6.283373 -54.71943 3.414458 -6.226257 -54.71943 3.541705 -6.148287 -54.71943 3.655187 -6.051362 -54.71943 3.752109 -5.937882 -54.71943 3.830086 -5.810634 -54.71943 3.887197 -5.672753 -54.71943 3.922035 -5.527638 -54.56684 3.2879 -6.318212 -54.56684 3.431089 -6.258898 -54.56684 3.563236 -6.177918 -54.56684 3.681089 -6.077268 -54.56684 3.781745 -5.959414 -54.56684 3.862724 -5.827264 -54.56684 3.922035 -5.684078 -54.56684 3.958216 -5.533368 -54.41041 3.139122 -6.366551 -54.41041 3.291705 -6.329917 -54.41041 3.436678 -6.269873 -54.41041 3.570473 -6.187879 -54.41041 3.689795 -6.08597 -54.41041 3.791705 -5.966649 -54.41041 3.873694 -5.832851 -54.41041 3.933744 -5.687878 -54.41041 3.970376 -5.535298</float_array>
          <technique_common>
            <accessor source="#chin_top-mesh-positions-array" count="812" stride="3">
              <param name="X" type="float"/>
              <param name="Y" type="float"/>
              <param name="Z" type="float"/>
            </accessor>
          </technique_common>
        </source>
        <source id="chin_top-mesh-normals">
          <float_array id="chin_top-mesh-normals-array" count="4047">0 -1 0 0 -1 0 0.8876276 0 -0.4605619 0.8876277 0 -0.4605619 0.8876279 -2.04633e-6 -0.4605614 0.8876277 0 -0.4605618 -0.887628 0 -0.4605615 -0.8876278 4.83384e-7 -0.4605616 -0.8876278 0 -0.4605618 -0.8876278 0 -0.4605617 0 0 1 0 0 -1 0 1 0 0 1 3.35031e-6 0 1 6.61281e-7 0 1 -5.4391e-7 0 1 4.31249e-7 0 1 -5.43915e-7 0 1 6.24421e-7 0 1 -6.53117e-7 0 1 0 0 1 -1.53448e-7 0 1 1.4933e-6 0 1 0 0 1 -2.28861e-6 0 1 1.54406e-7 0 1 -6.8554e-7 0 1 3.55763e-7 0 1 -3.89468e-6 0 1 -3.75657e-6 0 1 1.60126e-7 0 1 -2.30171e-7 0 1 0 0 1 1.89709e-7 0 1 -7.02291e-7 0 1 1.89711e-7 0 1 -1.66828e-7 0 1 2.36635e-7 0 1 -1.55802e-6 0 1 -3.65517e-7 0 1 3.14774e-7 0 1 1.98502e-7 0 1 -6.85548e-7 0 1 1.985e-7 0 1 3.37553e-7 0 1 2.28449e-7 0 1 1.27773e-6 0 1 -3.46651e-7 0 1 4.47191e-7 0 1 2.69361e-6 0 1 -2.44181e-6 0 1 1.8951e-6 0 1 -1.61095e-6 0 1 3.72399e-7 0 1 0 0 1 5.01802e-7 0 1 1.30099e-6 0 1 4.69839e-7 0 1 -9.02284e-7 0 1 7.08267e-7 0 1 1.19102e-6 0 1 -1.25506e-6 0 1 -8.29034e-7 0 1 1.44465e-6 -1 0 0 0 -1 8.56485e-7 0 -1 4.44748e-7 0 -1 -2.38325e-6 0 -1 3.38289e-7 0 -1 1.72197e-6 0 -1 4.50896e-7 0 -1 -3.13943e-6 0 -1 -9.5058e-7 0 -1 4.1538e-6 0 -1 -2.51069e-6 0 -1 2.98856e-7 0 -1 2.91769e-6 0 -1 -4.45568e-6 0 -1 0 0 -1 2.14748e-6 0 -1 -2.21672e-6 0 -1 -3.19653e-6 0 -1 2.87208e-7 0 -1 -7.27123e-6 0 -1 2.29052e-6 0 -1 4.50021e-6 0 -1 -5.44577e-7 0 -1 -1.64158e-6 0 -1 1.72064e-6 0 -1 -2.19919e-7 0 -1 1.35677e-6 0 -1 -2.86594e-6 0 -1 9.35349e-7 1 0 0 0 -1 7.52191e-7 0 -1 -8.54584e-6 0 -1 1.42998e-6 0 -1 4.44743e-7 0 -1 2.17351e-6 0 -1 4.914e-6 0 -1 -2.16673e-6 0 -1 2.2555e-7 0 -1 -6.1106e-6 0 -1 1.14123e-6 0 -1 1.18497e-5 0 -1 -9.50559e-7 0 -1 3.44875e-6 0 -1 -3.13948e-6 0 -1 3.38177e-7 0 -1 1.00461e-6 0 -1 -2.58402e-6 0 -1 2.33384e-7 0 -1 -4.39832e-7 0 -1 3.44135e-6 0 -1 -3.92297e-6 0 -1 5.9553e-6 0 -1 -2.72288e-7 0 -1 2.25015e-6 0 -1 -2.04621e-6 0 -1 2.0326e-7 0 -1 9.53008e-7 0 -1 -4.45575e-6 -0.08480376 0 -0.9963977 -0.0848037 0 -0.9963977 -0.2519625 0 -0.9677371 -0.4119107 0 -0.9112242 -0.559973 0 -0.828511 -0.5599729 0 -0.828511 -0.6919372 0 -0.7219578 -0.8039988 0 -0.5946311 -0.803999 0 -0.5946307 -0.8929305 0 -0.4501945 -0.9561648 0 -0.2928291 -0.9561648 0 -0.2928292 -0.9918986 0 -0.1270324 -0.999099 0 0.04244071 -0.999099 0 0.04244071 -0.9775559 0 0.2106765 -0.9775559 0 0.2106765 -0.9278857 0 0.3728649 -0.9278857 0 0.3728649 -0.8515173 0 0.5243265 -0.8515176 0 0.5243261 -0.7506942 0 0.6606498 -0.7506945 0 0.6606495 -0.6282086 0 0.7780449 -0.6282091 0 0.7780447 -0.4876978 0 0.8730126 -0.4876972 0 0.8730129 -0.3331442 0 0.9428759 -0.3331435 0 0.9428762 -0.1689934 0 0.9856172 -0.1689927 0 0.9856173 0.1689883 0 0.9856181 0.168989 0 0.9856179 0.3331518 0 0.9428732 0.3331525 0 0.9428731 0.4876972 0 0.8730129 0.4876978 0 0.8730126 0.6282221 0 0.7780342 0.6282215 0 0.7780346 0.7506815 0 0.6606643 0.7506811 0 0.6606647 0.8515176 0 0.5243261 0.8515174 0 0.5243265 0.9278949 0 0.372842 0.9278949 0 0.3728421 0.9775504 0 0.2107018 0.9775504 0 0.2107018 0.999099 0 0.04244071 0.999099 0 0.04244071 0.9918986 0 -0.1270324 0.9561648 0 -0.2928292 0.9561648 0 -0.2928291 0.8929305 0 -0.4501945 0.803999 0 -0.5946308 0.8039987 0 -0.5946311 0.6919372 0 -0.7219578 0.559973 0 -0.828511 0.5599729 0 -0.828511 0.4119107 0 -0.9112242 0.2519625 0 -0.9677371 0.08480376 0 -0.9963977 0.0848037 0 -0.9963977 0 1 0 0 1 2.23926e-7 0 1 0 0 1 2.23926e-7 0 1 -2.30518e-7 0 1 2.2393e-7 0 1 0 0 1 -9.22047e-7 0 1 0 0 1 -2.23928e-7 0 1 3.35896e-7 0 1 -9.22074e-7 0 1 2.23929e-7 0 1 0 0 1 2.23928e-7 0 1 3.35891e-7 0 1 0 0 1 -2.2393e-7 0 1 0 0 1 -4.61023e-7 0 1 4.6101e-7 0 1 0 0 1 2.23927e-7 0 1 0 0 1 9.22047e-7 0 1 0 0 1 1.67949e-7 0 1 0 -0.08480346 0 -0.9963977 -0.08480346 0 -0.9963977 -0.25198 0 -0.9677324 -0.2519801 0 -0.9677324 -0.4119024 0 -0.911228 -0.4119006 0 -0.9112288 -0.5599749 0 -0.8285097 -0.6919347 0 -0.7219601 -0.691935 0 -0.7219599 -0.8039979 0 -0.5946322 -0.8929276 0 -0.4502004 -0.9561652 0 -0.2928278 -0.9919009 0 -0.1270147 -0.9990991 0 0.04243701 -0.9775525 0 0.2106923 -0.927892 0 0.3728494 -0.8515266 0 0.5243116 -0.8515267 0 0.5243114 -0.7506691 0 0.6606784 -0.7506695 0 0.6606779 -0.6282257 0 0.7780312 -0.628227 0 0.7780302 -0.4876879 0 0.8730182 -0.3331485 0 0.9428744 -0.3331476 0 0.9428747 -0.169005 0 0.9856152 -0.1690071 0 0.9856149 0.1690093 0 0.9856145 0.1690072 0 0.9856149 0.3331395 0 0.9428775 0.3331405 0 0.9428772 0.4876933 0 0.8730151 0.628227 0 0.7780302 0.6282257 0 0.7780312 0.7506695 0 0.6606779 0.7506691 0 0.6606784 0.8515324 0 0.524302 0.8515322 0 0.5243023 0.9278874 0 0.3728604 0.9775552 0 0.21068 0.9990991 0 0.04243701 0.9919025 0 -0.1270021 0.9561652 0 -0.2928278 0.8929276 0 -0.4502004 0.8039979 0 -0.5946322 0.691935 0 -0.7219599 0.6919347 0 -0.7219601 0.5599749 0 -0.8285097 0.4119006 0 -0.9112288 0.4119024 0 -0.911228 0.2519769 0 -0.9677333 0.08480453 0 -0.9963977 -0.08480262 0 -0.9963979 -0.08480262 0 -0.9963979 -0.2519657 0 -0.9677362 -0.4119058 0 -0.9112265 -0.4119058 0 -0.9112265 -0.6919505 0 -0.7219451 -0.6919504 0 -0.7219451 -0.8039925 0 -0.5946397 -0.8039926 0 -0.5946393 -0.8929252 0 -0.4502051 -0.8929252 0 -0.450205 -0.9919019 0 -0.1270064 -0.9278903 0 0.3728535 -0.8515233 0 0.5243169 -0.8515236 0 0.5243166 -0.7506812 0 0.6606647 -0.7506814 0 0.6606644 -0.628215 0 0.7780398 -0.6282155 0 0.7780394 -0.3331484 0 0.9428744 -0.3331477 0 0.9428747 -0.168989 0 0.9856179 -0.1689883 0 0.9856181 0.4876917 0 0.8730161 0.4876922 0 0.8730158 0.6282155 0 0.7780395 0.6282151 0 0.7780398 0.8515295 0 0.5243069 0.8515293 0 0.5243073 0.9278857 0 0.3728649 0.9278857 0 0.3728649 0.9775559 0 0.2106765 0.9775559 0 0.2106765 0.9919003 0 -0.1270194 0.9561685 0 -0.2928171 0.9561686 0 -0.292817 0.89292 0 -0.4502156 0.6919505 0 -0.7219451 0.6919504 0 -0.7219451 0.4119058 0 -0.9112265 0.4119058 0 -0.9112265 0 1 9.2206e-7 0 1 -3.35899e-7 0 1 2.23928e-7 0 1 -2.30525e-7 0 1 2.23927e-7 0 1 0 0 1 2.23928e-7 0 1 -2.23932e-7 0 1 -2.23929e-7 0 1 2.09934e-7 0 1 0 0 1 -2.23928e-7 0 1 0 0 1 0 0 1 4.61037e-7 0 1 0 0 1 0 0 1 0 0 1 9.22053e-7 0 1 9.2205e-7 0 1 -2.23927e-7 0 1 -3.35895e-7 -0.08480399 0 -0.9963977 -0.4119 0 -0.9112291 -0.4118982 0 -0.9112299 -0.5599719 0 -0.8285116 -0.6919412 0 -0.721954 -0.6919414 0 -0.7219537 -0.892925 0 -0.4502056 -0.956167 0 -0.292822 -0.9775552 0 0.21068 -0.9278874 0 0.3728604 -0.8515322 0 0.5243023 -0.8515324 0 0.524302 -0.6282194 0 0.7780363 -0.6282207 0 0.7780352 -0.4876933 0 0.8730151 -0.3331445 0 0.9428758 -0.3331436 0 0.9428762 -0.1690061 0 0.9856151 -0.1690082 0 0.9856147 0.1690071 0 0.9856149 0.169005 0 0.9856152 0.3331436 0 0.9428762 0.3331445 0 0.9428758 0.6282238 0 0.7780327 0.6282225 0 0.7780337 0.7506664 0 0.6606815 0.7506659 0 0.660682 0.9775564 0 0.2106739 0.9990988 0 0.04244345 0.9919009 0 -0.1270147 0.956167 0 -0.292822 0.892925 0 -0.4502056 0.6919382 0 -0.7219568 0.6919379 0 -0.721957 0.4118982 0 -0.9112299 0.4119 0 -0.9112291 0.2519785 0 -0.9677329 0 -1 1.22728e-7 0.9969162 0 0.07847416 0.9969162 0 0.07847404 0.9723762 0 0.2334195 0.9723762 0 0.2334192 0.9238777 0 0.3826881 0.9238772 0 0.3826891 0.852623 0 0.5225268 0.8526207 0 0.5225304 0.7604182 0 0.6494337 0.760421 0 0.6494305 0.6494335 0 0.7604184 0.6494351 0 0.7604171 0.5555873 0 0.8314583 0.5225356 2.22438e-4 0.8526175 0.4886816 0 0.8724623 0.4186325 0 0.9081557 0.3826916 2.21295e-4 0.9238762 0.3461629 0 0.9381744 0.2713747 0 0.9624738 0.2334079 2.20523e-4 0.9723789 0.1950851 0 0.9807863 0.1175665 0 0.9930651 0.07849073 2.20306e-4 0.9969149 0.03926789 0 0.9992288 0 0.9969172 0.07846128 0 0.9969172 0.07846134 0 0.9723715 0.233439 0 0.9723722 0.2334356 0 0.9238802 0.382682 0 0.8526315 0.5225128 0 0.8526331 0.5225102 0 0.7604037 0.6494508 0 0.7604019 0.6494529 0 0.6494418 0.7604113 0 0.5225199 0.8526271 0 0.5225183 0.8526281 0 0.3826965 0.9238741 0 0.3826953 0.9238747 0 0.2334146 0.9723773 0 0.2334138 0.9723775 0 0.07848525 0.9969154 0 0.07848525 0.9969154 -0.03926599 0 0.9992288 -0.07848882 2.20301e-4 0.9969151 -0.1175665 0 0.9930651 -0.1950851 0 0.9807863 -0.2334134 2.20528e-4 0.9723776 -0.2713873 0 0.9624702 -0.3461472 0 0.9381803 -0.3826916 2.21295e-4 0.9238762 -0.4186511 0 0.9081473 -0.4886608 0 0.8724738 -0.5225247 2.22872e-4 0.8526241 -0.5555873 0 0.8314583 -0.6494351 0 0.7604172 -0.6494335 0 0.7604184 -0.760406 0 0.649448 -0.7604092 0 0.6494444 -0.8526315 0 0.5225127 -0.8526338 0 0.5225091 -0.9238772 0 0.3826891 -0.9238777 0 0.3826881 -0.9723762 0 0.2334192 -0.9723762 0 0.2334195 -0.9969162 0 0.07847404 -0.9969162 0 0.07847416 0.3461273 -0.9381875 0 0.3461263 -0.938188 0 0.4186714 -0.9081379 0 0.4185826 -0.9081787 0 0.488663 -0.8724727 0 0.4886243 -0.8724943 0 0.5555919 -0.8314553 0 0.5555705 -0.8314695 0 0.6494559 -0.7603994 0 0.6494629 -0.7603933 0 0.7604188 -0.649433 0 0.7603817 -0.6494766 0 0.8526652 -0.5224577 0 0.8525685 -0.5226156 0 0.9239008 -0.3826321 0 0.923872 -0.3827019 0 0.9723709 -0.2334415 0 0.9723834 -0.2333892 0 0.9969187 -0.0784434 0 0.9969126 -0.07851916 0 0.2713921 -0.962469 0 0.2714141 -0.9624627 0 0.1951129 -0.9807809 0 0.1951205 -0.9807794 0 0.1175391 -0.9930683 0 0.1175408 -0.993068 0 0.03925192 -0.9992294 0 0.03925365 -0.9992294 0 0.07822084 0.9938625 0.07822388 0.1995708 0.1223544 0.9722144 0.07847952 0.006146728 0.9968968 0.06711584 0.0411325 0.996897 0.05988818 0.05113309 0.9968946 0.1780637 0.1519874 0.9722105 0.1780033 0.152031 0.9722147 0.2917506 0.2491833 0.923466 0.05112206 0.05987519 0.996896 0.2162965 0.089567 0.9722108 0.2276382 0.05462819 0.9722123 0.2276269 0.0546804 0.972212 0.233382 0.01837563 0.9722115 0.2333729 0.01835179 0.9722142 0.1520428 0.1780195 0.9722099 0.1520376 0.1780266 0.9722094 0.2491753 0.291791 0.9234552 0.2491894 0.291783 0.923454 0.3401011 0.398238 0.8519025 0.04113566 0.06712102 0.9968966 0.3271503 0.2004942 0.923458 0.3544901 0.1468415 0.9234579 0.3545051 0.146823 0.9234551 0.3730844 0.0895974 0.9234611 0.373106 0.08959847 0.9234523 0.3825145 0.03009659 0.9234593 0.382519 0.0301088 0.9234569 0.1223363 0.1995998 0.9722108 0.1223117 0.1995893 0.9722161 0.2004836 0.3271703 0.9234533 0.2005055 0.3271473 0.9234567 0.2736427 0.4465159 0.8519057 0.2736243 0.4465422 0.8518978 0.3399387 0.554688 0.7594491 0.0301389 0.07272446 0.9968966 0.3982312 0.3401145 0.8519003 0.4465252 0.2736107 0.8519112 0.4465196 0.2736636 0.8518971 0.4838541 0.2003371 0.8519098 0.4838342 0.2004349 0.8518981 0.5092304 0.1222683 0.8519009 0.5092133 0.1222364 0.8519157 0.5220789 0.04112589 0.8519052 0.5220919 0.04107785 0.8518995 0.08956652 0.2162508 0.9722209 0.08959341 0.2163001 0.9722074 0.1468221 0.3544969 0.9234583 0.1468291 0.354494 0.9234583 0.2004089 0.4838373 0.8519026 0.2004092 0.4838154 0.8519148 0.2489809 0.6010859 0.7594105 0.2489653 0.6010832 0.7594179 0.2913705 0.7034245 0.6483033 0.01838034 0.07656419 0.9968953 0.4225283 0.4947182 0.7594234 0.4947351 0.4224838 0.7594372 0.4947161 0.422558 0.7594082 0.5547201 0.3399445 0.7594232 0.5547307 0.3399292 0.7594222 0.6010901 0.2489318 0.7594233 0.6010524 0.2489977 0.7594315 0.6325981 0.151947 0.7594286 0.632631 0.1518313 0.7594243 0.6486027 0.05102676 0.7594147 0.6485862 0.05108463 0.7594252 0.05466943 0.2276186 0.9722145 0.05464988 0.2276503 0.9722082 0.08956861 0.373103 0.9234564 0.08959323 0.3730861 0.9234609 0.1222655 0.5091992 0.85192 0.1222406 0.5092366 0.8519011 0.1518789 0.6326007 0.7594401 0.1518819 0.6326323 0.7594132 0.1777433 0.7403708 0.6482735 0.1777433 0.7403576 0.6482886 0.1992091 0.8297775 0.5213301 0.00617671 0.07846617 0.9968978 0.3978453 0.6491795 0.6482941 0.4944839 0.5789883 0.6482734 0.4944804 0.5789705 0.6482919 0.5789794 0.4944837 0.6482814 0.5789515 0.4944911 0.6483006 0.6491964 0.3977884 0.648312 0.6491895 0.3978198 0.6482997 0.7034233 0.2913838 0.6482987 0.7034585 0.2913658 0.6482686 0.7403741 0.1777561 0.6482661 0.7403566 0.1777465 0.6482888 0.7590467 0.05978089 0.6482858 0.7590621 0.05968135 0.648277 0.01837223 0.2333773 0.9722127 0.0183686 0.2333713 0.9722143 0.03009808 0.3824782 0.9234742 0.03009653 0.3825415 0.923448 0.04108262 0.5220619 0.8519176 0.04109263 0.5221031 0.8518918 0.0510441 0.648572 0.7594399 0.05103498 0.6486061 0.7594114 0.05973863 0.7590389 0.6482989 0.05974185 0.7590397 0.6482977 0.06694889 0.8507264 0.5213275 0.06695878 0.8507117 0.5213504 0.07252055 0.9214531 0.3816611 0.326557 0.7883985 0.5213332 0.4458789 0.7275987 0.521337 0.445889 0.7275754 0.5213609 0.5541921 0.6489003 0.5213441 0.5542084 0.6488909 0.5213384 0.6488801 0.5542202 0.5213392 0.6488824 0.5542194 0.5213372 0.7276082 0.4458569 0.5213424 0.727598 0.4458911 0.5213274 0.7884187 0.3265033 0.5213364 0.7883852 0.3265535 0.5213556 0.8297482 0.1992737 0.5213522 0.829782 0.1991731 0.5213366 0.8507261 0.0669378 0.5213296 0.8507073 0.06695502 0.5213581 0.2157788 0.8987556 0.3816778 0.3537065 0.8539468 0.381663 0.3537089 0.8539451 0.3816646 0.4829649 0.7880783 0.3816772 0.4829581 0.788089 0.3816637 0.600283 0.7028489 0.3816593 0.6002575 0.7028548 0.3816887 0.7028212 0.6002951 0.3816912 0.7028802 0.6002442 0.3816628 0.7880914 0.4829722 0.3816409 0.7880875 0.4829508 0.3816761 0.8539338 0.3537283 0.3816718 0.8539306 0.3537188 0.381688 0.8987675 0.2157007 0.3816939 0.8987588 0.2157693 0.3816757 0.9214461 0.07253718 0.3816746 0.9214449 0.07252061 0.3816806 0.0763027 0.9695376 0.2327546 0.2270356 0.9456649 0.2327505 0.2270371 0.9456622 0.2327601 0.3721519 0.898516 0.2327489 0.3721769 0.8985036 0.232757 0.508176 0.829203 0.2327653 0.5081345 0.8292239 0.2327811 0.6315855 0.7395344 0.2327845 0.6316201 0.7395141 0.2327551 0.7395524 0.6315746 0.2327572 0.7394995 0.6316325 0.2327682 0.8292232 0.5081356 0.2327818 0.829235 0.5081267 0.2327586 0.8984736 0.3722534 0.2327499 0.8985323 0.3721156 0.2327439 0.9456705 0.2270256 0.2327373 0.9456469 0.2270724 0.2327879 0.9695277 0.07632565 0.232789 0.969546 0.07624161 0.2327399 0.07822108 0.9938629 0.07821762 0.2327291 0.9693915 0.07821404 0.2327141 0.9693944 0.07822263 0.3815304 0.9210398 0.0782321 0.381485 0.9210593 0.078224 0.5208972 0.8500273 0.0782293 0.5209063 0.8500238 0.07820636 0.6474843 0.7580553 0.07820749 0.647431 0.7581003 0.07821303 0.7580915 0.6474412 0.07821446 0.7580875 0.6474472 0.07820087 0.8500493 0.5208659 0.07819896 0.8500084 0.520929 0.07822346 0.9210601 0.3814826 0.07822638 0.9210481 0.38151 0.07823312 0.9693785 0.2327763 0.07823318 0.9694008 0.2327019 0.07817935 0.9938681 0.07819414 0.07817852 0.9938603 0.07823842 0.07823354 0.07654941 0.01837682 0.9968965 0.07630819 0.9695355 0.2327614 0.07251948 0.9214455 0.3816796 0.2157641 0.8987544 0.381689 0.1992037 0.82977 0.5213443 0.32656 0.7883893 0.5213454 0.2913619 0.7034485 0.6482812 0.3978308 0.649204 0.6482785 0.3399397 0.554746 0.7594063 0.4225205 0.4947338 0.7594175 0.3401114 0.3982179 0.8519078 0.3982262 0.3401319 0.8518958 0.2917791 0.2491707 0.9234603 0.3271592 0.2004926 0.9234554 0.1996057 0.1223025 0.9722139 0.2162381 0.08962976 0.9722179 0.07272899 0.03014075 0.9968963 -0.9938699 0.07811623 0.07823419 -0.122327 0.199535 0.9722252 -0.006169915 0.07849699 0.9968953 -0.04113501 0.06711995 0.9968966 -0.05115222 0.05987417 0.9968945 -0.1520456 0.1779608 0.9722202 -0.1520321 0.1780516 0.9722057 -0.2492002 0.2917298 0.923468 -0.05988734 0.05110138 0.9968963 -0.08959907 0.2162509 0.9722179 -0.05464434 0.2276408 0.9722107 -0.05464553 0.2276636 0.9722054 -0.01834821 0.23338 0.9722125 -0.01838284 0.2333525 0.9722185 -0.1780379 0.1519786 0.9722166 -0.1780155 0.1520415 0.9722108 -0.2917795 0.2492574 0.9234369 -0.2917686 0.2491709 0.9234637 -0.3982322 0.3400517 0.8519249 -0.06710845 0.04115903 0.9968964 -0.2004802 0.3272091 0.9234403 -0.1468518 0.3545163 0.9234462 -0.1468223 0.3544607 0.9234722 -0.08956438 0.3731402 0.9234418 -0.08959239 0.3730824 0.9234624 -0.03009492 0.3825014 0.9234648 -0.03009539 0.3825274 0.9234539 -0.1995898 0.1222897 0.9722188 -0.1995862 0.1223098 0.972217 -0.3271669 0.2004973 0.9234516 -0.3271628 0.2004591 0.9234613 -0.4465248 0.2736072 0.8519124 -0.4465193 0.2736661 0.8518964 -0.5547215 0.3399479 0.7594205 -0.07273578 0.03011256 0.9968966 -0.3401232 0.398222 0.8519011 -0.2736266 0.4464938 0.8519224 -0.2736252 0.4465437 0.8518967 -0.2004042 0.4837724 0.8519403 -0.2004083 0.4838592 0.8518902 -0.1222569 0.5091915 0.8519257 -0.122246 0.509225 0.8519073 -0.04107618 0.5221076 0.8518899 -0.04109132 0.5220862 0.8519023 -0.2162821 0.08952063 0.9722182 -0.2162795 0.08962607 0.972209 -0.3544905 0.1468384 0.9234581 -0.3544934 0.1468204 0.92346 -0.4838336 0.2004174 0.8519025 -0.4838288 0.200431 0.8519021 -0.601074 0.2489911 0.7594165 -0.6010774 0.2489525 0.7594265 -0.7034438 0.2913388 0.6482967 -0.07654941 0.01837682 0.9968965 -0.4947149 0.4225598 0.7594081 -0.4225448 0.4946963 0.7594284 -0.4225185 0.4947615 0.7594006 -0.339956 0.5546961 0.7594354 -0.3399293 0.5547515 0.759407 -0.2489862 0.6010425 0.7594432 -0.2489796 0.601063 0.7594291 -0.1518666 0.6326327 0.7594159 -0.1518847 0.6326155 0.7594265 -0.05104303 0.6485919 0.759423 -0.05103409 0.6485947 0.7594212 -0.2276276 0.05462747 0.9722148 -0.2276324 0.05468076 0.9722107 -0.373102 0.08959877 0.9234538 -0.3731001 0.08955681 0.9234588 -0.5092188 0.1222668 0.8519079 -0.5092273 0.1222393 0.8519068 -0.6326298 0.1518886 0.759414 -0.6326243 0.1518291 0.7594304 -0.7403402 0.1778028 0.6482921 -0.7403526 0.1777454 0.6482937 -0.829771 0.1992313 0.521332 -0.07847648 0.006177484 0.9968968 -0.6491938 0.3978205 0.6482949 -0.5789679 0.4944738 0.6482993 -0.5789616 0.4944998 0.648285 -0.4944791 0.5789867 0.6482785 -0.4944865 0.5789741 0.648284 -0.3978431 0.6491693 0.6483055 -0.3978264 0.6491965 0.6482887 -0.2913745 0.7034339 0.6482914 -0.2913787 0.7034268 0.6482971 -0.1777451 0.7403569 0.6482888 -0.1777442 0.7403612 0.6482841 -0.05973047 0.7590771 0.6482549 -0.0597409 0.7590274 0.648312 -0.2333767 0.01837521 0.9722129 -0.23338 0.01835232 0.9722125 -0.3825134 0.03015935 0.9234577 -0.382519 0.0301088 0.9234569 -0.5220869 0.04104143 0.8519042 -0.522075 0.04107636 0.8519099 -0.6485883 0.05102562 0.7594272 -0.6485948 0.05108553 0.7594177 -0.7590496 0.05972576 0.6482874 -0.7590383 0.0596798 0.6483049 -0.8507212 0.06693744 0.5213376 -0.8507238 0.0669561 0.5213312 -0.9214437 0.07253742 0.3816803 -0.7883997 0.3265154 0.5213575 -0.7275898 0.4458937 0.5213367 -0.7276005 0.4458934 0.521322 -0.6489054 0.5541939 0.5213357 -0.6488822 0.5542169 0.5213403 -0.5542312 0.6488468 0.521369 -0.5541886 0.6489143 0.5213304 -0.4458789 0.7275987 0.521337 -0.4458764 0.7275984 0.5213394 -0.3265497 0.7884123 0.521317 -0.3265804 0.7883679 0.5213651 -0.1992084 0.8297749 0.5213344 -0.1992067 0.8297824 0.5213232 -0.06695032 0.8507211 0.5213362 -0.06695264 0.8507211 0.5213358 -0.8987373 0.2158451 0.3816834 -0.8539281 0.3537259 0.3816869 -0.853935 0.3537222 0.3816751 -0.7880796 0.4829683 0.3816704 -0.7881008 0.4829174 0.3816909 -0.7028638 0.6002445 0.3816925 -0.7028417 0.6002917 0.381659 -0.600284 0.7028437 0.3816673 -0.6002649 0.7028664 0.3816555 -0.4829474 0.7880932 0.3816688 -0.4829528 0.7880845 0.38168 -0.3537031 0.8539449 0.3816704 -0.3537096 0.8539407 0.3816735 -0.215785 0.8987485 0.3816909 -0.2157675 0.8987596 0.3816749 -0.07251822 0.92145 0.381669 -0.0725196 0.9214473 0.3816752 -0.9695392 0.07631963 0.2327429 -0.9456685 0.2270264 0.2327451 -0.945671 0.2269994 0.2327615 -0.8985004 0.372183 0.2327594 -0.8984754 0.3722492 0.2327501 -0.829228 0.5081386 0.2327577 -0.8292348 0.5081261 0.2327608 -0.7395126 0.631622 0.2327548 -0.7395383 0.6315893 0.2327622 -0.6315908 0.7395406 0.2327508 -0.6316181 0.7395118 0.2327679 -0.5081748 0.829201 0.2327749 -0.5081055 0.829255 0.2327341 -0.3721782 0.8985044 0.2327517 -0.3721784 0.8985041 0.2327526 -0.2270356 0.9456649 0.2327505 -0.2270371 0.9456622 0.2327601 -0.07630079 0.9695394 0.2327479 -0.07630401 0.9695383 0.2327517 -0.9938628 0.0782383 0.0782029 -0.969381 0.2327769 0.07820212 -0.9693983 0.232702 0.07820963 -0.9210335 0.38155 0.07821184 -0.9210488 0.3815103 0.07822471 -0.8500475 0.5208648 0.07822579 -0.8500089 0.5209295 0.07821506 -0.7580909 0.6474407 0.07822179 -0.7580841 0.6474471 0.07823562 -0.6474473 0.7580846 0.07822942 -0.6474299 0.7581009 0.07821625 -0.5209342 0.8500055 0.07821977 -0.5208696 0.8500442 0.07822895 -0.3815303 0.9210395 0.07823693 -0.3814862 0.9210592 0.07821941 -0.2327289 0.9693903 0.07822865 -0.2327316 0.9693903 0.07821989 -0.07822084 0.9938625 0.07822388 -0.07822102 0.9938629 0.07821923 -0.01834672 0.07652246 0.9968991 -0.9695458 0.0762456 0.2327396 -0.921439 0.07251971 0.3816951 -0.8987641 0.2157012 0.3817016 -0.8297716 0.1992148 0.5213373 -0.7883837 0.3265871 0.5213367 -0.7034497 0.2913616 0.6482801 -0.6491959 0.397843 0.648279 -0.5547228 0.3399771 0.7594066 -0.4947366 0.4224815 0.7594375 -0.3982214 0.3401062 0.8519083 -0.3401052 0.3982553 0.8518928 -0.2491867 0.2917986 0.9234498 -0.2004941 0.3270989 0.9234763 -0.1223034 0.1996073 0.9722135 -0.0895828 0.2163146 0.9722053 -0.03013861 0.0727548 0.9968944 -0.03925651 -0.9992293 0 -0.03924906 -0.9992296 0 -0.117536 -0.9930687 0 -0.1175438 -0.9930678 0 -0.195115 -0.9807804 0 -0.1950893 -0.9807856 0 -0.2714455 -0.9624539 0 -0.2714243 -0.9624599 0 -0.3460923 -0.9382005 0 -0.3461263 -0.938188 0 -0.4186697 -0.9081387 0 -0.41863 -0.9081569 0 -0.4886074 -0.8725038 0 -0.4886243 -0.8724943 0 -0.5556222 -0.831435 0 -0.5555705 -0.8314695 0 -0.6494525 -0.7604022 0 -0.6494312 -0.7604204 0 -0.7604282 -0.649422 0 -0.7603817 -0.6494766 0 -0.8526873 -0.5224217 0 -0.8525685 -0.5226156 0 -0.9238868 -0.3826661 0 -0.9238719 -0.3827019 0 -0.9723851 -0.2333826 0 -0.9723675 -0.233456 0 -0.9969145 -0.07849496 0 -0.9969127 -0.07851916 0 0.03919857 0 -0.9992315 0.07843554 2.20524e-4 -0.9969193 0.1175665 0 -0.9930651 0.1950851 0 -0.9807863 0.233454 2.20738e-4 -0.9723679 0.271465 0 -0.9624484 0.3460771 0 -0.9382061 0.3826498 2.21518e-4 -0.9238935 0.4186325 0 -0.9081557 0.4886816 0 -0.8724623 0.5225304 2.22439e-4 -0.8526206 0.5555873 0 -0.8314583 0.6494391 0 -0.7604136 0.6494335 0 -0.7604184 0.7604181 0 -0.649434 0.7604212 0 -0.6494303 0.8526344 0 -0.522508 0.8526368 0 -0.5225042 0.9238772 0 -0.3826891 0.9238777 0 -0.3826881 0.9723735 0 -0.2334308 0.9723737 0 -0.2334296 0.9969162 0 -0.07847404 0.9969162 0 -0.07847356 0.9969184 0.07844692 0 0.9969127 0.07851916 0 0.9723857 0.2333798 0 0.9723693 0.2334485 0 0.9238698 0.3827069 0 0.9238956 0.3826449 0 0.852632 0.522512 0 0.8526319 0.522512 0 0.7604025 0.6494522 0 0.7604385 0.6494101 0 0.6494157 0.7604336 0 0.6494516 0.760403 0 0.5225202 0.852627 0 0.3826724 0.9238841 0 0.3826724 0.9238841 0 0.2334362 0.9723721 0 0.07846182 0.9969172 0 0.07846182 0.9969172 0 -0.9969183 0.07844692 0 -0.9969184 0.07844692 0 -0.9723693 0.2334485 0 -0.9238698 0.3827069 0 -0.9238955 0.3826449 0 -0.8526319 0.522512 0 -0.852632 0.522512 0 -0.7604025 0.6494522 0 -0.7604385 0.6494101 0 -0.6494157 0.7604337 0 -0.6494516 0.7604029 0 -0.5224878 0.8526469 0 -0.5225202 0.852627 0 -0.3826724 0.9238841 0 -0.3826982 0.9238736 0 -0.2334362 0.9723721 0 -0.07846182 0.9969172 0 -0.07846182 0.9969172 0 -0.9969162 0 -0.07847356 -0.9969162 0 -0.07847404 -0.9723737 0 -0.2334296 -0.9723735 0 -0.2334308 -0.9238766 0 -0.3826907 -0.9238783 0 -0.3826866 -0.8526456 0 -0.5224897 -0.8526471 0 -0.5224872 -0.7604092 0 -0.6494442 -0.7604061 0 -0.649448 -0.6494376 0 -0.760415 -0.6494351 0 -0.7604171 -0.5555873 0 -0.8314583 -0.5225196 2.22873e-4 -0.8526272 -0.4886608 0 -0.8724738 -0.4186511 0 -0.9081473 -0.3826498 2.21736e-4 -0.9238935 -0.3460614 0 -0.9382119 -0.2714777 0 -0.9624448 -0.2334595 2.20525e-4 -0.9723666 -0.1950851 0 -0.9807863 -0.1175665 0 -0.9930651 -0.07843363 2.20573e-4 -0.9969194 -0.03919667 0 -0.9992315 0.07822513 0.9938617 -0.07823002 0.9722241 0.1222466 -0.1995896 0.9968952 0.006499767 -0.07847106 0.9968937 0.04122161 -0.06711125 0.9968958 0.05115467 -0.05984985 0.9722251 0.1519557 -0.1780111 0.972202 0.152098 -0.178016 0.923448 0.2492477 -0.2917523 0.996882 0.06010472 -0.05112665 0.972217 0.08950328 -0.2162944 0.9722146 0.05456542 -0.2276431 0.9722051 0.05480241 -0.2276272 0.9722144 0.0183314 -0.2333738 0.9722099 0.01835274 -0.2333909 0.9722018 0.1780507 -0.1520578 0.9721935 0.1781136 -0.1520373 0.9234709 0.2917282 -0.2491911 0.9234758 0.2916971 -0.2492096 0.8519057 0.3982058 -0.3401306 0.9969011 0.06705611 -0.04113006 0.9234573 0.2004952 -0.3271519 0.9234619 0.146756 -0.3545151 0.9234691 0.1467782 -0.3544869 0.9234607 0.08962553 -0.3730787 0.9234561 0.08955889 -0.3731061 0.9234553 0.03003489 -0.3825287 0.923458 0.03010904 -0.3825163 0.9722001 0.1996549 -0.122332 0.9722332 0.1994969 -0.1223266 0.9234605 0.327147 -0.2004886 0.9234604 0.3271573 -0.2004721 0.8519138 0.4465138 -0.2736206 0.851916 0.4465007 -0.2736352 0.7594066 0.5547456 -0.3399395 0.9969034 0.07263976 -0.03012102 0.8519119 0.3401044 -0.3982151 0.8519074 0.2736449 -0.4465113 0.8519111 0.2736074 -0.4465273 0.8519058 0.2003981 -0.4838359 0.8519011 0.2004895 -0.4838065 0.8519195 0.1222333 -0.5092076 0.8519163 0.1222366 -0.5092121 0.8519147 0.04105669 -0.5220689 0.8519138 0.04114198 -0.5220636 0.9722152 0.2162685 -0.08958554 0.9722151 0.2162677 -0.08958911 0.9234608 0.3544873 -0.1468299 0.9234575 0.3544958 -0.1468299 0.851918 0.4838116 -0.2004054 0.8519092 0.4838337 -0.2003895 0.7594346 0.6010657 -0.2489561 0.7594246 0.6010702 -0.2489758 0.6482841 0.7034373 -0.2913827 0.9968925 0.07660281 -0.01837277 0.7594224 0.4947456 -0.422498 0.7594496 0.4224995 -0.4947025 0.7594296 0.4224849 -0.4947454 0.7594065 0.339962 -0.5547321 0.7594313 0.3399697 -0.5546936 0.759443 0.2489725 -0.6010483 0.7594234 0.2489588 -0.6010788 0.7594223 0.1519075 -0.6326153 0.7594296 0.1518847 -0.6326118 0.7594302 0.05103105 -0.6485844 0.7594303 0.05097615 -0.6485885 0.9722012 0.2276797 -0.05465042 0.9722059 0.2276599 -0.05465024 0.9234606 0.3730916 -0.08957338 0.9234628 0.3730847 -0.08957958 0.8519029 0.5092285 -0.1222622 0.8519008 0.5092352 -0.1222485 0.7594349 0.6326066 -0.1518803 0.7594234 0.6326208 -0.1518791 0.6482718 0.7403728 -0.1777409 0.6482853 0.7403582 -0.1777523 0.5213552 0.82976 -0.1992164 0.9968958 0.07848984 -0.00617665 0.6482881 0.6491929 -0.3978331 0.6482899 0.5789724 -0.4944807 0.6482717 0.578966 -0.494512 0.6482615 0.4944737 -0.5790102 0.6482811 0.4944946 -0.5789705 0.648289 0.3978523 -0.6491802 0.6482782 0.3978213 -0.64921 0.6482726 0.2913874 -0.7034459 0.6482871 0.2913938 -0.7034298 0.6482982 0.1777459 -0.7403486 0.6482581 0.1777493 -0.7403827 0.6482599 0.05969929 -0.7590752 0.6482731 0.05977547 -0.759058 0.9722099 0.2333899 -0.01836645 0.9722144 0.2333704 -0.0183705 0.9234516 0.3825317 -0.0301091 0.923464 0.3825027 -0.03010118 0.8519095 0.522075 -0.04108369 0.8519024 0.5220861 -0.04108977 0.7594329 0.6485801 -0.0510447 0.7594298 0.6485841 -0.05104315 0.6482692 0.7590644 -0.0597372 0.6482927 0.7590439 -0.05974078 0.5213464 0.8507143 -0.06695765 0.5213268 0.8507266 -0.06695395 0.3816727 0.9214483 -0.07252013 0.5213328 0.7883998 -0.3265548 0.5213471 0.7275961 -0.4458712 0.5213311 0.727604 -0.4458771 0.5213157 0.6489135 -0.5542034 0.5213647 0.6488814 -0.5541949 0.5213726 0.5541822 -0.6488858 0.5213527 0.5541895 -0.6488956 0.5213499 0.4458907 -0.7275821 0.5213399 0.4458889 -0.7275905 0.5213474 0.3265458 -0.7883938 0.5213206 0.3265255 -0.78842 0.5213112 0.1991903 -0.8297939 0.5213439 0.1992145 -0.8297676 0.5213423 0.06697958 -0.850715 0.5213591 0.06695497 -0.8507066 0.3816697 0.8987611 -0.2157703 0.3816755 0.8539302 -0.353733 0.3816661 0.853949 -0.3536978 0.3816841 0.7880759 -0.4829634 0.3816886 0.788087 -0.4829419 0.3816835 0.7028569 -0.6002582 0.381674 0.7028348 -0.6002901 0.3816733 0.6002748 -0.7028483 0.381689 0.6002849 -0.7028312 0.3816815 0.4829319 -0.7880966 0.3816723 0.4828935 -0.7881245 0.3816678 0.3537104 -0.8539431 0.3816949 0.3537356 -0.8539205 0.3817069 0.2157932 -0.8987399 0.3816906 0.2157682 -0.8987527 0.3816976 0.07254743 -0.9214357 0.3816419 0.07250159 -0.9214624 0.2327491 0.9695388 -0.0763055 0.2327501 0.9456678 -0.227024 0.2327584 0.9456665 -0.2270205 0.2327718 0.898505 -0.3721641 0.2327532 0.8984994 -0.3721894 0.2327495 0.8292285 -0.5081417 0.2327596 0.8292348 -0.5081267 0.2327619 0.7395188 -0.6316121 0.2327712 0.7395166 -0.6316114 0.2327741 0.631619 -0.7395091 0.2327328 0.6315926 -0.7395446 0.232724 0.5081428 -0.8292349 0.2327712 0.5081534 -0.8292152 0.2327745 0.372199 -0.8984898 0.2327528 0.3721889 -0.8984997 0.232762 0.2270345 -0.9456624 0.2327466 0.2270283 -0.9456676 0.2327526 0.07627576 -0.9695402 0.2327709 0.07631897 -0.9695324 0.07821983 0.9938632 -0.07821559 0.07822984 0.9693899 -0.23273 0.07821559 0.9693892 -0.2327381 0.07820934 0.9210521 -0.3815055 0.07821464 0.9210473 -0.3815162 0.07821661 0.8500356 -0.5208855 0.07821148 0.850027 -0.5209004 0.07821214 0.7580832 -0.647451 0.07820415 0.7580883 -0.647446 0.07820445 0.6474392 -0.758094 0.07822084 0.6474447 -0.7580876 0.07822388 0.5208912 -0.8500314 0.07824558 0.5209063 -0.8500202 0.07824558 0.3815472 -0.9210317 0.07819223 0.3814795 -0.9210644 0.07819432 0.2327203 -0.9693951 0.07821613 0.2327457 -0.9693874 0.07821327 0.07821327 -0.9938639 0.07819956 0.07819956 -0.9938661 0.9968971 0.01837784 -0.07654196 0.2327524 0.9695378 -0.07630771 0.3816887 0.9214413 -0.07252556 0.381662 0.8987643 -0.2157706 0.5213498 0.8297654 -0.1992076 0.5213656 0.7883719 -0.3265696 0.6482754 0.7034533 -0.291363 0.6482986 0.6491863 -0.3978268 0.7594288 0.55472 -0.3399318 0.7594263 0.4947043 -0.4225393 0.8519047 0.3982236 -0.3401122 0.8519107 0.3401188 -0.3982053 0.9234569 0.2492061 -0.2917597 0.9234772 0.2003984 -0.3271553 0.9722129 0.1223043 -0.1996088 0.9721981 0.08965301 -0.2163173 0.9968988 0.03005331 -0.07272917 -0.07819652 0.07821613 -0.993865 -0.972227 0.1995275 -0.1223262 -0.9968958 0.07848966 -0.00617659 -0.9969011 0.06705611 -0.04113006 -0.9968968 0.05985724 -0.05112743 -0.9722042 0.1780455 -0.1520494 -0.9722141 0.1779946 -0.1520449 -0.9234855 0.2916749 -0.2491992 -0.9969084 0.05090701 -0.05985063 -0.9722167 0.2162611 -0.08958834 -0.9722279 0.2275664 -0.05464911 -0.9722137 0.2276266 -0.05465173 -0.9722098 0.2333904 -0.01836651 -0.9722144 0.2333704 -0.0183705 -0.9722234 0.1519603 -0.1780164 -0.9722027 0.1520957 -0.1780132 -0.9234324 0.2493084 -0.2917499 -0.9234684 0.2491635 -0.29176 -0.8519139 0.3401232 -0.3981945 -0.9968937 0.04122161 -0.06711125 -0.9234573 0.3271638 -0.200476 -0.923461 0.3544867 -0.1468297 -0.9234575 0.3544958 -0.1468299 -0.9234461 0.3731271 -0.08957433 -0.9234659 0.3730773 -0.08957779 -0.9234521 0.3825303 -0.03011292 -0.9234564 0.382521 -0.03009825 -0.9722331 0.1221596 -0.1995994 -0.972184 0.1225501 -0.1995996 -0.9234941 0.2003104 -0.3271615 -0.9234414 0.2005761 -0.327147 -0.8519196 0.2736129 -0.4465075 -0.8519235 0.2736061 -0.4465045 -0.7594196 0.3399466 -0.5547235 -0.9968914 0.03030145 -0.07272863 -0.8519038 0.3982309 -0.340106 -0.8519124 0.4465229 -0.2736102 -0.8519473 0.4464468 -0.2736262 -0.851908 0.4838365 -0.2003873 -0.8519468 0.4837654 -0.2003939 -0.8519085 0.5092207 -0.122255 -0.8519249 0.5091934 -0.1222543 -0.8519265 0.5220477 -0.04107952 -0.8519195 0.5220585 -0.04108607 -0.9722236 0.08940058 -0.2163075 -0.9722149 0.08950668 -0.2163026 -0.9234658 0.1467806 -0.3544946 -0.9234519 0.1468661 -0.3544952 -0.8519213 0.2004162 -0.4838013 -0.8519145 0.200432 -0.4838064 -0.7593879 0.2491151 -0.6010589 -0.7594264 0.2489502 -0.6010786 -0.6482988 0.291332 -0.7034446 -0.9968971 0.01837766 -0.07654136 -0.759438 0.4224686 -0.4947469 -0.7594363 0.4946894 -0.4225389 -0.759396 0.4947737 -0.4225123 -0.7594285 0.5547031 -0.3399602 -0.7594137 0.5547327 -0.3399449 -0.7593666 0.6011554 -0.2489468 -0.759441 0.6010449 -0.248987 -0.7594313 0.6326097 -0.1518852 -0.7594354 0.6326056 -0.1518822 -0.7594041 0.6486137 -0.05104631 -0.7594401 0.6485714 -0.05104774 -0.972187 0.05512034 -0.2276275 -0.972204 0.05480343 -0.2276316 -0.9234456 0.08972406 -0.3730924 -0.9234611 0.0895555 -0.3730945 -0.8519254 0.1222662 -0.5091898 -0.8519268 0.1222383 -0.5091943 -0.7594268 0.1518226 -0.6326301 -0.759412 0.1518841 -0.6326332 -0.6482664 0.1777522 -0.7403749 -0.6482855 0.1777439 -0.7403601 -0.5213314 0.199182 -0.8297832 -0.9968986 0.005960404 -0.0784713 -0.6482903 0.3978159 -0.6492012 -0.6482678 0.494502 -0.5789791 -0.6482756 0.4944698 -0.5789977 -0.6482712 0.5789863 -0.4944891 -0.6482882 0.5789539 -0.4945047 -0.6482484 0.6492527 -0.3978003 -0.6482915 0.6491903 -0.3978316 -0.6482921 0.703431 -0.2913801 -0.648263 0.7034649 -0.2913628 -0.6482918 0.7403525 -0.1777526 -0.6482747 0.7403693 -0.1777448 -0.6482742 0.7590602 -0.0597369 -0.6482746 0.7590596 -0.05973964 -0.9722098 0.01837533 -0.2333894 -0.9722162 0.01810079 -0.233384 -0.9234565 0.03015953 -0.3825162 -0.9234576 0.03002405 -0.3825239 -0.851924 0.0411266 -0.5220479 -0.8519264 0.04107648 -0.522048 -0.7594161 0.05102598 -0.6486012 -0.7594184 0.05103021 -0.6485983 -0.6482747 0.05972552 -0.7590605 -0.6482605 0.0597763 -0.7590686 -0.5213493 0.06693547 -0.8507142 -0.5213326 0.06699776 -0.8507195 -0.3816462 0.07255989 -0.9214561 -0.5213281 0.3265542 -0.7884031 -0.5213221 0.4459252 -0.727581 -0.5213517 0.445845 -0.7276089 -0.5213385 0.5542131 -0.6488867 -0.5213436 0.5542088 -0.6488863 -0.521334 0.648899 -0.554203 -0.52133 0.6488972 -0.5542089 -0.5213189 0.7276173 -0.4458698 -0.5213504 0.727576 -0.4459002 -0.5213427 0.7883897 -0.3265631 -0.5213373 0.7883917 -0.3265669 -0.5213164 0.829787 -0.1992059 -0.5213567 0.829759 -0.1992167 -0.5213041 0.8507405 -0.06695216 -0.5213413 0.8507176 -0.0669558 -0.3817034 0.2157478 -0.8987522 -0.3817079 0.3536855 -0.8539354 -0.3816584 0.3537413 -0.8539344 -0.3816599 0.482939 -0.7881027 -0.3816899 0.4829023 -0.7881106 -0.3816918 0.6002697 -0.7028425 -0.3816623 0.6003156 -0.7028194 -0.3816779 0.702843 -0.6002781 -0.3816876 0.7028324 -0.6002844 -0.3816934 0.7880726 -0.4829614 -0.3816676 0.7881056 -0.4829283 -0.3816587 0.8539493 -0.3537049 -0.3816685 0.8539421 -0.3537119 -0.3816632 0.8987638 -0.2157705 -0.3816732 0.8987592 -0.2157723 -0.3816872 0.921442 -0.07252311 -0.3816743 0.9214473 -0.07252281 -0.2327517 0.07629203 -0.9695392 -0.2327563 0.2270491 -0.9456602 -0.2327619 0.227015 -0.9456671 -0.2327644 0.3722071 -0.8984891 -0.2327739 0.3721872 -0.8984948 -0.2327664 0.5081466 -0.8292206 -0.2327437 0.5081371 -0.8292329 -0.2327451 0.63161 -0.7395259 -0.2327747 0.6315934 -0.7395308 -0.2327697 0.7395275 -0.6315991 -0.2327722 0.7395136 -0.6316144 -0.2327604 0.8292307 -0.5081329 -0.2327558 0.8292306 -0.5081353 -0.2327535 0.8985126 -0.3721571 -0.2327777 0.8984938 -0.3721874 -0.2327666 0.9456629 -0.2270275 -0.2327674 0.9456617 -0.2270315 -0.2327525 0.9695382 -0.07630264 -0.2327601 0.9695358 -0.07630878 -0.07821369 0.07819753 -0.9938651 -0.07821649 0.2327231 -0.9693928 -0.0781905 0.2327504 -0.9693883 -0.07819569 0.3815233 -0.9210458 -0.07823866 0.3814754 -0.9210621 -0.07824045 0.5209103 -0.8500182 -0.07822382 0.5209069 -0.8500218 -0.07821816 0.6474313 -0.7580994 -0.07820296 0.6474277 -0.7581041 -0.07819932 0.7580932 -0.6474407 -0.07821059 0.7580682 -0.6474689 -0.07821136 0.8500316 -0.5208928 -0.07821393 0.8500318 -0.5208922 -0.07821106 0.9210543 -0.3815 -0.07821172 0.9210397 -0.3815352 -0.07821154 0.9693934 -0.2327218 -0.07822406 0.96939 -0.2327321 -0.07822084 0.9938625 -0.07822388 -0.07822161 0.9938628 -0.07821923 -0.9968925 0.07660281 -0.01837277 -0.2327821 0.07629233 -0.9695318 -0.3816899 0.07250005 -0.9214427 -0.3816938 0.2157842 -0.8987476 -0.5213061 0.1992143 -0.8297913 -0.5213032 0.3265886 -0.7884054 -0.6482715 0.2913989 -0.7034421 -0.6482731 0.3978594 -0.6491917 -0.7594058 0.339976 -0.5547244 -0.7593908 0.4225911 -0.4947144 -0.8519206 0.3401054 -0.3981956 -0.8519308 0.3981648 -0.340116 -0.9234544 0.2917725 -0.2492009 -0.9234551 0.3271667 -0.2004815 -0.9722077 0.1996206 -0.1223273 -0.9721999 0.216338 -0.0895847 -0.9968944 0.07276326 -0.03012079 0 0.9969173 -0.07846111 0 0.9969173 -0.07846105 0 0.9723689 -0.2334501 0 0.9723697 -0.2334467 0 0.9238797 -0.382683 0 0.8526448 -0.5224912 0 0.8526463 -0.5224885 0 0.760405 -0.6494494 0 0.7604032 -0.6494514 0 0.6494418 -0.7604113 0 0.5225178 -0.8526284 0 0.5225161 -0.8526295 0 0.382655 -0.9238914 0 0.3826537 -0.9238919 0 0.2334606 -0.9723663 0 0.2334598 -0.9723665 0 0.07843995 -0.9969189 0 0.07843995 -0.9969189</float_array>
          <technique_common>
            <accessor source="#chin_top-mesh-normals-array" count="1349" stride="3">
              <param name="X" type="float"/>
              <param name="Y" type="float"/>
              <param name="Z" type="float"/>
            </accessor>
          </technique_common>
        </source>
        <vertices id="chin_top-mesh-vertices">
          <input semantic="POSITION" source="#chin_top-mesh-positions"/>
        </vertices>
        <triangles material="Material_001-material" count="1628">
          <input semantic="VERTEX" source="#chin_top-mesh-vertices" offset="0"/>
          <input semantic="NORMAL" source="#chin_top-mesh-normals" offset="1"/>
          <p>0 0 1 0 2 0 2 1 1 1 3 1 3 2 1 2 4 2 4 3 1 3 5 3 4 4 5 4 6 4 6 5 5 5 7 5 8 6 9 6 10 6 10 7 9 7 11 7 10 8 11 8 2 8 2 9 11 9 0 9 11 10 12 10 0 10 0 10 12 10 13 10 0 10 13 10 1 10 1 10 13 10 14 10 1 10 14 10 5 10 5 10 14 10 15 10 7 11 16 11 6 11 6 11 16 11 17 11 6 11 17 11 8 11 8 11 17 11 18 11 8 11 18 11 9 11 9 11 18 11 19 11 20 12 21 12 22 12 23 13 24 13 25 13 20 12 22 12 26 12 27 14 28 14 29 14 21 12 30 12 22 12 22 15 30 15 31 15 22 16 31 16 32 16 33 12 34 12 24 12 35 12 36 12 37 12 37 17 36 17 38 17 37 18 38 18 39 18 40 19 41 19 22 19 22 20 41 20 42 20 22 21 42 21 26 21 34 22 43 22 24 22 24 23 43 23 44 23 24 24 44 24 25 24 37 25 45 25 46 25 47 26 48 26 49 26 35 12 37 12 50 12 50 12 37 12 22 12 50 12 22 12 25 12 25 27 22 27 32 27 25 28 32 28 23 28 28 12 27 12 51 12 51 12 27 12 49 12 51 29 49 29 52 29 39 12 53 12 37 12 37 30 53 30 54 30 37 31 54 31 45 31 48 12 55 12 49 12 49 12 55 12 56 12 49 32 56 32 57 32 57 12 58 12 49 12 49 33 58 33 59 33 49 34 59 34 60 34 29 12 61 12 27 12 27 35 61 35 62 35 27 36 62 36 63 36 63 12 64 12 27 12 27 12 64 12 65 12 27 37 65 37 66 37 67 38 68 38 69 38 46 12 70 12 37 12 37 39 70 39 71 39 37 12 71 12 49 12 49 40 71 40 72 40 49 41 72 41 47 41 66 42 73 42 27 42 27 43 73 43 74 43 27 12 74 12 22 12 22 44 74 44 75 44 22 45 75 45 40 45 60 12 76 12 49 12 49 46 76 46 77 46 49 47 77 47 52 47 52 48 77 48 78 48 52 49 78 49 79 49 79 12 78 12 80 12 33 12 24 12 69 12 69 50 24 50 81 50 69 51 81 51 67 51 82 12 83 12 84 12 80 52 78 52 84 52 84 53 78 53 85 53 84 54 85 54 82 54 83 12 86 12 84 12 84 55 86 55 87 55 84 12 87 12 88 12 89 12 90 12 91 12 88 56 87 56 90 56 90 57 87 57 92 57 90 58 92 58 91 58 68 12 93 12 69 12 69 59 93 59 94 59 69 60 94 60 95 60 95 61 94 61 96 61 95 12 96 12 91 12 91 62 96 62 97 62 91 63 97 63 89 63 98 64 99 64 100 64 100 64 99 64 101 64 7 65 102 65 103 65 104 0 105 0 15 0 15 66 105 66 106 66 15 67 106 67 107 67 108 0 109 0 5 0 5 68 109 68 110 68 5 69 110 69 111 69 112 0 113 0 7 0 114 0 115 0 15 0 15 70 115 70 116 70 15 71 116 71 104 71 107 0 117 0 15 0 15 72 117 72 118 72 15 0 118 0 5 0 5 73 118 73 119 73 5 74 119 74 108 74 111 0 120 0 5 0 5 75 120 75 121 75 5 76 121 76 122 76 122 0 123 0 5 0 5 77 123 77 124 77 5 78 124 78 7 78 7 79 124 79 125 79 7 80 125 80 112 80 103 0 126 0 7 0 7 81 126 81 127 81 7 82 127 82 16 82 127 0 128 0 16 0 16 83 128 83 129 83 16 84 129 84 130 84 113 85 131 85 7 85 7 86 131 86 132 86 7 87 132 87 102 87 130 0 133 0 16 0 16 88 133 88 134 88 16 89 134 89 135 89 135 0 136 0 16 0 16 90 136 90 137 90 16 0 137 0 15 0 15 91 137 91 138 91 15 92 138 92 114 92 139 93 140 93 141 93 141 93 140 93 142 93 143 0 144 0 11 0 19 94 145 94 146 94 147 0 148 0 9 0 147 0 9 0 149 0 150 0 11 0 151 0 151 0 11 0 152 0 153 95 154 95 12 95 12 96 154 96 155 96 12 97 155 97 156 97 19 0 146 0 9 0 9 98 146 98 157 98 9 81 157 81 149 81 144 99 158 99 11 99 11 100 158 100 159 100 11 101 159 101 152 101 150 102 160 102 11 102 11 103 160 103 161 103 11 0 161 0 12 0 12 104 161 104 162 104 12 105 162 105 153 105 156 106 163 106 12 106 12 107 163 107 164 107 12 108 164 108 165 108 165 0 166 0 12 0 12 109 166 109 167 109 12 0 167 0 19 0 19 110 167 110 168 110 168 0 169 0 19 0 19 111 169 111 170 111 19 112 170 112 171 112 171 113 172 113 19 113 19 114 172 114 173 114 19 115 173 115 145 115 148 0 174 0 9 0 9 116 174 116 175 116 9 117 175 117 176 117 176 0 177 0 9 0 9 118 177 118 178 118 9 119 178 119 11 119 11 120 178 120 179 120 11 121 179 121 143 121 162 122 180 122 153 122 153 123 180 123 181 123 153 124 181 124 154 124 154 124 181 124 182 124 154 125 182 125 155 125 155 125 182 125 183 125 155 126 183 126 156 126 156 127 183 127 184 127 156 128 184 128 163 128 163 128 184 128 185 128 163 129 185 129 164 129 164 130 185 130 186 130 164 131 186 131 165 131 165 131 186 131 187 131 165 132 187 132 166 132 166 133 187 133 188 133 166 134 188 134 167 134 167 134 188 134 189 134 167 135 189 135 168 135 168 136 189 136 190 136 168 137 190 137 169 137 169 138 190 138 191 138 169 139 191 139 170 139 170 140 191 140 192 140 170 141 192 141 171 141 171 142 192 142 193 142 171 143 193 143 172 143 172 144 193 144 194 144 172 145 194 145 173 145 173 146 194 146 195 146 173 147 195 147 145 147 145 148 195 148 196 148 145 149 196 149 146 149 146 150 196 150 197 150 146 151 197 151 157 151 157 152 197 152 198 152 157 10 198 10 149 10 149 10 198 10 199 10 149 153 199 153 147 153 147 154 199 154 200 154 147 155 200 155 148 155 148 156 200 156 201 156 148 157 201 157 174 157 174 158 201 158 202 158 174 159 202 159 175 159 175 160 202 160 203 160 175 161 203 161 176 161 176 162 203 162 204 162 176 163 204 163 177 163 177 164 204 164 205 164 177 165 205 165 178 165 178 166 205 166 206 166 178 167 206 167 179 167 179 168 206 168 207 168 179 169 207 169 143 169 143 170 207 170 208 170 143 171 208 171 144 171 144 171 208 171 209 171 144 172 209 172 158 172 158 173 209 173 210 173 158 174 210 174 159 174 159 174 210 174 211 174 159 175 211 175 152 175 152 176 211 176 212 176 152 177 212 177 151 177 151 177 212 177 213 177 151 178 213 178 150 178 150 179 213 179 214 179 150 180 214 180 160 180 160 180 214 180 215 180 160 181 215 181 161 181 161 181 215 181 216 181 161 182 216 182 162 182 162 183 216 183 180 183 194 12 217 12 195 12 195 184 217 184 218 184 195 12 218 12 196 12 196 12 218 12 219 12 196 12 219 12 197 12 197 12 219 12 220 12 197 12 220 12 198 12 198 185 220 185 221 185 198 12 221 12 199 12 199 12 221 12 222 12 199 12 222 12 200 12 200 12 222 12 223 12 200 186 223 186 201 186 201 187 223 187 224 187 201 188 224 188 202 188 202 189 224 189 225 189 202 12 225 12 203 12 203 190 225 190 226 190 203 191 226 191 204 191 204 192 226 192 227 192 204 12 227 12 205 12 205 193 227 193 228 193 205 12 228 12 206 12 206 194 228 194 229 194 206 195 229 195 207 195 207 196 229 196 230 196 207 12 230 12 208 12 208 197 230 197 231 197 208 12 231 12 209 12 209 193 231 193 232 193 209 12 232 12 210 12 210 198 232 198 233 198 210 12 233 12 211 12 211 12 233 12 234 12 211 12 234 12 212 12 212 184 234 184 235 184 212 12 235 12 213 12 213 199 235 199 236 199 213 12 236 12 214 12 214 200 236 200 237 200 214 12 237 12 215 12 215 201 237 201 238 201 215 12 238 12 216 12 216 12 238 12 239 12 216 12 239 12 180 12 180 12 239 12 240 12 180 12 240 12 181 12 181 12 240 12 241 12 181 202 241 202 182 202 182 12 241 12 242 12 182 188 242 188 183 188 183 12 242 12 243 12 183 203 243 203 184 203 184 184 243 184 244 184 184 204 244 204 185 204 185 205 244 205 245 205 185 12 245 12 186 12 186 200 245 200 246 200 186 195 246 195 187 195 187 12 246 12 247 12 187 12 247 12 188 12 188 206 247 206 248 206 188 191 248 191 189 191 189 207 248 207 249 207 189 208 249 208 190 208 190 209 249 209 250 209 190 12 250 12 191 12 191 12 250 12 251 12 191 12 251 12 192 12 192 210 251 210 252 210 192 12 252 12 193 12 193 12 252 12 253 12 193 12 253 12 194 12 194 211 253 211 217 211 240 212 76 212 241 212 241 213 76 213 60 213 241 214 60 214 242 214 242 215 60 215 59 215 242 216 59 216 243 216 243 217 59 217 58 217 243 218 58 218 244 218 244 218 58 218 57 218 244 219 57 219 245 219 245 220 57 220 56 220 245 221 56 221 246 221 246 221 56 221 55 221 246 222 55 222 247 222 247 222 55 222 48 222 247 223 48 223 248 223 248 223 48 223 47 223 248 224 47 224 249 224 249 224 47 224 72 224 249 225 72 225 250 225 250 225 72 225 71 225 250 226 71 226 251 226 251 226 71 226 70 226 251 227 70 227 252 227 252 227 70 227 46 227 252 228 46 228 253 228 253 229 46 229 45 229 253 230 45 230 217 230 217 231 45 231 54 231 217 232 54 232 218 232 218 233 54 233 53 233 218 234 53 234 219 234 219 234 53 234 39 234 219 235 39 235 220 235 220 236 39 236 38 236 220 237 38 237 221 237 221 238 38 238 36 238 221 10 36 10 222 10 222 10 36 10 35 10 222 239 35 239 223 239 223 240 35 240 50 240 223 241 50 241 224 241 224 242 50 242 25 242 224 243 25 243 225 243 225 243 25 243 44 243 225 244 44 244 226 244 226 245 44 245 43 245 226 246 43 246 227 246 227 247 43 247 34 247 227 248 34 248 228 248 228 249 34 249 33 249 228 250 33 250 229 250 229 250 33 250 69 250 229 251 69 251 230 251 230 251 69 251 95 251 230 252 95 252 231 252 231 252 95 252 91 252 231 253 91 253 232 253 232 253 91 253 92 253 232 254 92 254 233 254 233 254 92 254 87 254 233 255 87 255 234 255 234 255 87 255 86 255 234 256 86 256 235 256 235 256 86 256 83 256 235 257 83 257 236 257 236 258 83 258 82 258 236 259 82 259 237 259 237 259 82 259 85 259 237 260 85 260 238 260 238 261 85 261 78 261 238 262 78 262 239 262 239 262 78 262 77 262 239 263 77 263 240 263 240 263 77 263 76 263 118 264 254 264 119 264 119 265 254 265 255 265 119 266 255 266 108 266 108 266 255 266 256 266 108 267 256 267 109 267 109 268 256 268 257 268 109 126 257 126 110 126 110 127 257 127 258 127 110 269 258 269 111 269 111 270 258 270 259 270 111 271 259 271 120 271 120 272 259 272 260 272 120 273 260 273 121 273 121 274 260 274 261 274 121 132 261 132 122 132 122 133 261 133 262 133 122 275 262 275 123 275 123 275 262 275 263 275 123 135 263 135 124 135 124 136 263 136 264 136 124 137 264 137 125 137 125 138 264 138 265 138 125 276 265 276 112 276 112 276 265 276 266 276 112 277 266 277 113 277 113 278 266 278 267 278 113 279 267 279 131 279 131 280 267 280 268 280 131 281 268 281 132 281 132 282 268 282 269 282 132 147 269 147 102 147 102 148 269 148 270 148 102 283 270 283 103 283 103 284 270 284 271 284 103 285 271 285 126 285 126 286 271 286 272 286 126 10 272 10 127 10 127 10 272 10 273 10 127 153 273 153 128 153 128 154 273 154 274 154 128 155 274 155 129 155 129 156 274 156 275 156 129 287 275 287 130 287 130 288 275 288 276 288 130 289 276 289 133 289 133 290 276 290 277 290 133 161 277 161 134 161 134 162 277 162 278 162 134 291 278 291 135 291 135 292 278 292 279 292 135 293 279 293 136 293 136 294 279 294 280 294 136 295 280 295 137 295 137 296 280 296 281 296 137 169 281 169 138 169 138 170 281 170 282 170 138 297 282 297 114 297 114 297 282 297 283 297 114 298 283 298 115 298 115 299 283 299 284 299 115 300 284 300 116 300 116 300 284 300 285 300 116 175 285 175 104 175 104 176 285 176 286 176 104 301 286 301 105 301 105 302 286 302 287 302 105 178 287 178 106 178 106 179 287 179 288 179 106 303 288 303 107 303 107 304 288 304 289 304 107 181 289 181 117 181 117 181 289 181 290 181 117 182 290 182 118 182 118 183 290 183 254 183 268 305 291 305 269 305 269 306 291 306 292 306 269 12 292 12 270 12 270 307 292 307 293 307 270 12 293 12 271 12 271 12 293 12 294 12 271 12 294 12 272 12 272 12 294 12 295 12 272 308 295 308 273 308 273 12 295 12 296 12 273 12 296 12 274 12 274 309 296 309 297 309 274 310 297 310 275 310 275 311 297 311 298 311 275 188 298 188 276 188 276 311 298 311 299 311 276 203 299 203 277 203 277 312 299 312 300 312 277 208 300 208 278 208 278 12 300 12 301 12 278 12 301 12 279 12 279 313 301 313 302 313 279 12 302 12 280 12 280 194 302 194 303 194 280 12 303 12 281 12 281 200 303 200 304 200 281 12 304 12 282 12 282 314 304 314 305 314 282 12 305 12 283 12 283 207 305 207 306 207 283 12 306 12 284 12 284 315 306 315 307 315 284 12 307 12 285 12 285 316 307 316 308 316 285 12 308 12 286 12 286 200 308 200 309 200 286 12 309 12 287 12 287 313 309 313 310 313 287 305 310 305 288 305 288 317 310 317 311 317 288 12 311 12 289 12 289 12 311 12 312 12 289 12 312 12 290 12 290 12 312 12 313 12 290 12 313 12 254 12 254 12 313 12 314 12 254 12 314 12 255 12 255 12 314 12 315 12 255 318 315 318 256 318 256 12 315 12 316 12 256 12 316 12 257 12 257 12 316 12 317 12 257 12 317 12 258 12 258 193 317 193 318 193 258 319 318 319 259 319 259 320 318 320 319 320 259 12 319 12 260 12 260 317 319 317 320 317 260 12 320 12 261 12 261 313 320 313 321 313 261 12 321 12 262 12 262 321 321 321 322 321 262 12 322 12 263 12 263 322 322 322 323 322 263 323 323 323 264 323 264 209 323 209 324 209 264 12 324 12 265 12 265 316 324 316 325 316 265 324 325 324 266 324 266 200 325 200 326 200 266 12 326 12 267 12 267 325 326 325 327 325 267 12 327 12 268 12 268 326 327 326 291 326 314 327 28 327 315 327 315 327 28 327 51 327 315 214 51 214 316 214 316 215 51 215 52 215 316 328 52 328 317 328 317 329 52 329 79 329 317 330 79 330 318 330 318 330 79 330 80 330 318 331 80 331 319 331 319 332 80 332 84 332 319 221 84 221 320 221 320 221 84 221 88 221 320 333 88 333 321 333 321 333 88 333 90 333 321 334 90 334 322 334 322 334 90 334 89 334 322 224 89 224 323 224 323 224 89 224 97 224 323 225 97 225 324 225 324 225 97 225 96 225 324 335 96 335 325 335 325 335 96 335 94 335 325 336 94 336 326 336 326 336 94 336 93 336 326 337 93 337 327 337 327 338 93 338 68 338 327 230 68 230 291 230 291 231 68 231 67 231 291 339 67 339 292 339 292 340 67 340 81 340 292 341 81 341 293 341 293 341 81 341 24 341 293 342 24 342 294 342 294 343 24 343 23 343 294 344 23 344 295 344 295 345 23 345 32 345 295 10 32 10 296 10 296 10 32 10 31 10 296 346 31 346 297 346 297 347 31 347 30 347 297 348 30 348 298 348 298 349 30 349 21 349 298 243 21 243 299 243 299 243 21 243 20 243 299 350 20 350 300 350 300 351 20 351 26 351 300 352 26 352 301 352 301 353 26 353 42 353 301 248 42 248 302 248 302 249 42 249 41 249 302 250 41 250 303 250 303 250 41 250 40 250 303 354 40 354 304 354 304 354 40 354 75 354 304 355 75 355 305 355 305 355 75 355 74 355 305 356 74 356 306 356 306 356 74 356 73 356 306 357 73 357 307 357 307 357 73 357 66 357 307 358 66 358 308 358 308 358 66 358 65 358 308 256 65 256 309 256 309 256 65 256 64 256 309 359 64 359 310 359 310 360 64 360 63 360 310 259 63 259 311 259 311 259 63 259 62 259 311 361 62 361 312 361 312 362 62 362 61 362 312 363 61 363 313 363 313 363 61 363 29 363 313 263 29 263 314 263 314 263 29 263 28 263 4 10 10 10 3 10 3 10 10 10 2 10 8 0 10 0 6 0 6 364 10 364 4 364 140 365 139 365 328 365 140 366 328 366 329 366 329 367 328 367 330 367 329 368 330 368 331 368 331 369 330 369 332 369 331 370 332 370 333 370 333 371 332 371 334 371 333 372 334 372 335 372 335 373 334 373 336 373 335 374 336 374 337 374 337 375 336 375 338 375 337 376 338 376 339 376 339 377 338 377 340 377 340 378 338 378 341 378 340 379 341 379 342 379 342 380 341 380 343 380 343 381 341 381 344 381 343 382 344 382 345 382 345 383 344 383 346 383 346 384 344 384 347 384 346 385 347 385 348 385 348 386 347 386 349 386 349 387 347 387 13 387 349 388 13 388 12 388 49 389 27 389 350 389 49 390 350 390 351 390 351 391 350 391 352 391 351 392 352 392 353 392 353 393 352 393 354 393 353 393 354 393 355 393 355 394 354 394 356 394 355 395 356 395 357 395 357 396 356 396 358 396 357 397 358 397 359 397 359 398 358 398 360 398 359 398 360 398 361 398 361 399 360 399 362 399 361 400 362 400 363 400 363 401 362 401 364 401 363 402 364 402 365 402 365 403 364 403 366 403 365 404 366 404 367 404 367 405 366 405 14 405 367 406 14 406 13 406 15 407 14 407 368 407 368 408 14 408 369 408 368 409 369 409 370 409 370 410 369 410 371 410 371 411 369 411 372 411 371 412 372 412 373 412 373 413 372 413 374 413 374 414 372 414 375 414 374 415 375 415 376 415 376 416 375 416 377 416 377 417 375 417 378 417 377 418 378 418 379 418 379 419 378 419 380 419 379 420 380 420 381 420 381 421 380 421 382 421 381 422 382 422 383 422 383 423 382 423 384 423 383 424 384 424 385 424 385 425 384 425 386 425 385 426 386 426 387 426 387 427 386 427 388 427 387 428 388 428 389 428 389 429 388 429 100 429 389 430 100 430 101 430 345 431 390 431 391 431 345 432 391 432 343 432 343 433 391 433 392 433 343 434 392 434 342 434 342 435 392 435 393 435 342 436 393 436 340 436 340 437 393 437 394 437 340 438 394 438 339 438 339 439 394 439 395 439 339 440 395 440 337 440 337 441 395 441 396 441 337 442 396 442 335 442 335 443 396 443 397 443 335 444 397 444 333 444 333 445 397 445 398 445 333 446 398 446 331 446 331 447 398 447 399 447 331 448 399 448 329 448 329 449 399 449 142 449 329 450 142 450 140 450 390 451 345 451 400 451 400 452 345 452 346 452 400 453 346 453 401 453 346 454 348 454 401 454 401 455 348 455 349 455 401 456 349 456 402 456 402 457 349 457 12 457 402 458 12 458 19 458 49 459 351 459 403 459 404 460 405 460 406 460 13 461 347 461 407 461 406 462 405 462 13 462 408 463 13 463 405 463 408 464 405 464 409 464 409 465 405 465 404 465 409 466 404 466 410 466 411 467 13 467 408 467 412 468 413 468 414 468 414 469 413 469 407 469 414 470 407 470 415 470 415 471 407 471 347 471 415 472 347 472 344 472 411 473 408 473 416 473 416 474 408 474 409 474 416 475 409 475 417 475 417 476 409 476 410 476 417 477 410 477 418 477 419 478 13 478 411 478 420 479 412 479 421 479 421 480 412 480 414 480 421 481 414 481 422 481 422 482 414 482 415 482 422 483 415 483 423 483 423 484 415 484 344 484 423 485 344 485 341 485 419 486 411 486 424 486 424 487 411 487 416 487 424 488 416 488 425 488 425 489 416 489 417 489 425 490 417 490 426 490 426 491 417 491 418 491 426 492 418 492 427 492 428 493 13 493 419 493 429 494 420 494 430 494 430 495 420 495 421 495 430 496 421 496 431 496 431 497 421 497 422 497 431 498 422 498 432 498 432 499 422 499 423 499 432 500 423 500 433 500 433 501 423 501 341 501 433 502 341 502 338 502 428 503 419 503 434 503 434 504 419 504 424 504 434 505 424 505 435 505 435 506 424 506 425 506 435 507 425 507 436 507 436 508 425 508 426 508 436 509 426 509 437 509 437 510 426 510 427 510 437 511 427 511 438 511 439 512 13 512 428 512 440 513 429 513 441 513 441 514 429 514 430 514 441 515 430 515 442 515 442 516 430 516 431 516 442 517 431 517 443 517 443 518 431 518 432 518 443 519 432 519 444 519 444 520 432 520 433 520 444 521 433 521 445 521 445 522 433 522 338 522 445 523 338 523 336 523 439 524 428 524 446 524 446 525 428 525 434 525 446 526 434 526 447 526 447 527 434 527 435 527 447 528 435 528 448 528 448 529 435 529 436 529 448 530 436 530 449 530 449 531 436 531 437 531 449 532 437 532 450 532 450 533 437 533 438 533 450 534 438 534 451 534 367 535 13 535 439 535 452 536 440 536 453 536 453 537 440 537 441 537 453 538 441 538 454 538 454 539 441 539 442 539 454 540 442 540 455 540 455 541 442 541 443 541 455 542 443 542 456 542 456 543 443 543 444 543 456 544 444 544 457 544 457 545 444 545 445 545 457 546 445 546 458 546 458 547 445 547 336 547 458 548 336 548 334 548 367 549 439 549 365 549 365 550 439 550 446 550 365 551 446 551 363 551 363 552 446 552 447 552 363 553 447 553 361 553 361 554 447 554 448 554 361 555 448 555 359 555 359 556 448 556 449 556 359 557 449 557 357 557 357 558 449 558 450 558 357 559 450 559 355 559 355 560 450 560 451 560 355 561 451 561 353 561 459 562 452 562 460 562 460 563 452 563 453 563 460 564 453 564 461 564 461 565 453 565 454 565 461 566 454 566 462 566 462 567 454 567 455 567 462 568 455 568 463 568 463 569 455 569 456 569 463 570 456 570 464 570 464 571 456 571 457 571 464 572 457 572 465 572 465 573 457 573 458 573 465 574 458 574 466 574 466 575 458 575 334 575 466 576 334 576 332 576 467 577 459 577 468 577 468 578 459 578 460 578 468 579 460 579 469 579 469 580 460 580 461 580 469 581 461 581 470 581 470 582 461 582 462 582 470 583 462 583 471 583 471 584 462 584 463 584 471 585 463 585 472 585 472 586 463 586 464 586 472 587 464 587 473 587 473 588 464 588 465 588 473 589 465 589 474 589 474 590 465 590 466 590 474 591 466 591 475 591 475 592 466 592 332 592 475 593 332 593 330 593 351 594 467 594 403 594 403 595 467 595 468 595 403 596 468 596 476 596 476 597 468 597 469 597 476 598 469 598 477 598 477 599 469 599 470 599 477 600 470 600 478 600 478 601 470 601 471 601 478 602 471 602 479 602 479 603 471 603 472 603 479 604 472 604 480 604 480 605 472 605 473 605 480 606 473 606 481 606 481 607 473 607 474 607 481 608 474 608 482 608 482 609 474 609 475 609 482 610 475 610 483 610 483 611 475 611 330 611 483 612 330 612 328 612 49 613 403 613 484 613 484 614 403 614 476 614 484 615 476 615 485 615 485 616 476 616 477 616 485 617 477 617 486 617 486 618 477 618 478 618 486 619 478 619 487 619 487 620 478 620 479 620 487 621 479 621 488 621 488 622 479 622 480 622 488 623 480 623 489 623 489 624 480 624 481 624 489 625 481 625 490 625 490 626 481 626 482 626 490 627 482 627 491 627 491 628 482 628 483 628 491 629 483 629 492 629 492 630 483 630 328 630 492 631 328 631 139 631 413 632 13 632 407 632 351 633 353 633 467 633 467 634 353 634 451 634 467 635 451 635 459 635 459 636 451 636 438 636 459 637 438 637 452 637 452 638 438 638 427 638 452 639 427 639 440 639 440 640 427 640 418 640 440 641 418 641 429 641 429 642 418 642 410 642 429 643 410 643 420 643 420 644 410 644 404 644 420 645 404 645 412 645 412 646 404 646 406 646 412 647 406 647 413 647 413 648 406 648 13 648 100 649 388 649 493 649 494 650 495 650 496 650 14 651 366 651 497 651 496 652 495 652 14 652 498 653 14 653 495 653 498 654 495 654 499 654 499 655 495 655 494 655 499 656 494 656 500 656 501 657 14 657 498 657 502 658 503 658 504 658 504 659 503 659 497 659 504 660 497 660 505 660 505 661 497 661 366 661 505 662 366 662 364 662 501 663 498 663 506 663 506 664 498 664 499 664 506 665 499 665 507 665 507 666 499 666 500 666 507 667 500 667 508 667 509 668 14 668 501 668 510 669 502 669 511 669 511 670 502 670 504 670 511 671 504 671 512 671 512 672 504 672 505 672 512 673 505 673 513 673 513 674 505 674 364 674 513 675 364 675 362 675 509 676 501 676 514 676 514 677 501 677 506 677 514 678 506 678 515 678 515 679 506 679 507 679 515 680 507 680 516 680 516 681 507 681 508 681 516 682 508 682 517 682 518 683 14 683 509 683 519 684 510 684 520 684 520 685 510 685 511 685 520 686 511 686 521 686 521 687 511 687 512 687 521 688 512 688 522 688 522 689 512 689 513 689 522 690 513 690 523 690 523 691 513 691 362 691 523 692 362 692 360 692 518 693 509 693 524 693 524 694 509 694 514 694 524 695 514 695 525 695 525 696 514 696 515 696 525 697 515 697 526 697 526 698 515 698 516 698 526 699 516 699 527 699 527 700 516 700 517 700 527 701 517 701 528 701 529 702 14 702 518 702 530 703 519 703 531 703 531 704 519 704 520 704 531 705 520 705 532 705 532 706 520 706 521 706 532 707 521 707 533 707 533 708 521 708 522 708 533 709 522 709 534 709 534 710 522 710 523 710 534 711 523 711 535 711 535 712 523 712 360 712 535 713 360 713 358 713 529 714 518 714 536 714 536 715 518 715 524 715 536 716 524 716 537 716 537 717 524 717 525 717 537 718 525 718 538 718 538 719 525 719 526 719 538 720 526 720 539 720 539 721 526 721 527 721 539 722 527 722 540 722 540 723 527 723 528 723 540 724 528 724 541 724 369 725 14 725 529 725 542 726 530 726 543 726 543 727 530 727 531 727 543 728 531 728 544 728 544 729 531 729 532 729 544 730 532 730 545 730 545 731 532 731 533 731 545 732 533 732 546 732 546 733 533 733 534 733 546 734 534 734 547 734 547 735 534 735 535 735 547 736 535 736 548 736 548 737 535 737 358 737 548 738 358 738 356 738 369 739 529 739 372 739 372 740 529 740 536 740 372 741 536 741 375 741 375 742 536 742 537 742 375 743 537 743 378 743 378 744 537 744 538 744 378 745 538 745 380 745 380 746 538 746 539 746 380 747 539 747 382 747 382 748 539 748 540 748 382 749 540 749 384 749 384 750 540 750 541 750 384 751 541 751 386 751 549 752 542 752 550 752 550 753 542 753 543 753 550 754 543 754 551 754 551 755 543 755 544 755 551 756 544 756 552 756 552 757 544 757 545 757 552 758 545 758 553 758 553 759 545 759 546 759 553 760 546 760 554 760 554 761 546 761 547 761 554 762 547 762 555 762 555 763 547 763 548 763 555 764 548 764 556 764 556 765 548 765 356 765 556 766 356 766 354 766 557 767 549 767 558 767 558 768 549 768 550 768 558 769 550 769 559 769 559 770 550 770 551 770 559 771 551 771 560 771 560 772 551 772 552 772 560 773 552 773 561 773 561 774 552 774 553 774 561 775 553 775 562 775 562 776 553 776 554 776 562 777 554 777 563 777 563 778 554 778 555 778 563 779 555 779 564 779 564 780 555 780 556 780 564 781 556 781 565 781 565 782 556 782 354 782 565 783 354 783 352 783 388 784 557 784 493 784 493 785 557 785 558 785 493 786 558 786 566 786 566 787 558 787 559 787 566 788 559 788 567 788 567 789 559 789 560 789 567 790 560 790 568 790 568 791 560 791 561 791 568 792 561 792 569 792 569 793 561 793 562 793 569 794 562 794 570 794 570 795 562 795 563 795 570 796 563 796 571 796 571 797 563 797 564 797 571 798 564 798 572 798 572 799 564 799 565 799 572 800 565 800 573 800 573 801 565 801 352 801 573 802 352 802 350 802 100 803 493 803 574 803 574 804 493 804 566 804 574 805 566 805 575 805 575 806 566 806 567 806 575 807 567 807 576 807 576 808 567 808 568 808 576 809 568 809 577 809 577 810 568 810 569 810 577 811 569 811 578 811 578 812 569 812 570 812 578 813 570 813 579 813 579 814 570 814 571 814 579 815 571 815 580 815 580 816 571 816 572 816 580 817 572 817 581 817 581 818 572 818 573 818 581 819 573 819 582 819 582 820 573 820 350 820 582 821 350 821 27 821 503 822 14 822 497 822 388 823 386 823 557 823 557 824 386 824 541 824 557 825 541 825 549 825 549 826 541 826 528 826 549 827 528 827 542 827 542 828 528 828 517 828 542 829 517 829 530 829 530 830 517 830 508 830 530 831 508 831 519 831 519 832 508 832 500 832 519 833 500 833 510 833 510 834 500 834 494 834 510 835 494 835 502 835 502 836 494 836 496 836 502 837 496 837 503 837 503 838 496 838 14 838 16 839 15 839 368 839 16 840 368 840 583 840 583 841 368 841 370 841 583 842 370 842 584 842 584 843 370 843 371 843 584 844 371 844 585 844 585 845 371 845 373 845 585 846 373 846 586 846 586 847 373 847 374 847 586 848 374 848 587 848 587 849 374 849 376 849 587 850 376 850 588 850 588 851 376 851 377 851 588 852 377 852 589 852 589 853 377 853 379 853 589 854 379 854 590 854 590 855 379 855 381 855 590 856 381 856 591 856 591 857 381 857 383 857 591 858 383 858 592 858 592 859 383 859 385 859 592 860 385 860 593 860 593 861 385 861 387 861 593 862 387 862 594 862 594 863 387 863 389 863 594 864 389 864 595 864 595 865 389 865 101 865 595 866 101 866 99 866 19 867 18 867 402 867 402 868 18 868 596 868 402 869 596 869 401 869 401 870 596 870 400 870 400 871 596 871 597 871 400 872 597 872 390 872 390 873 597 873 391 873 391 874 597 874 598 874 391 875 598 875 392 875 392 876 598 876 393 876 393 877 598 877 599 877 393 878 599 878 394 878 394 879 599 879 600 879 394 880 600 880 395 880 395 881 600 881 601 881 395 882 601 882 396 882 396 883 601 883 602 883 396 884 602 884 397 884 397 885 602 885 603 885 397 886 603 886 398 886 398 887 603 887 604 887 398 888 604 888 399 888 399 889 604 889 141 889 399 890 141 890 142 890 139 891 141 891 605 891 139 892 605 892 492 892 492 893 605 893 606 893 492 894 606 894 491 894 491 895 606 895 607 895 491 896 607 896 490 896 490 897 607 897 608 897 490 898 608 898 489 898 489 899 608 899 609 899 489 900 609 900 488 900 488 901 609 901 610 901 488 902 610 902 487 902 487 903 610 903 611 903 487 903 611 903 486 903 486 904 611 904 612 904 486 905 612 905 485 905 485 906 612 906 613 906 485 906 613 906 484 906 484 907 613 907 37 907 484 908 37 908 49 908 98 909 100 909 574 909 98 910 574 910 614 910 614 911 574 911 575 911 614 911 575 911 615 911 615 912 575 912 576 912 615 913 576 913 616 913 616 914 576 914 577 914 616 915 577 915 617 915 617 916 577 916 578 916 617 917 578 917 618 917 618 918 578 918 579 918 618 919 579 919 619 919 619 920 579 920 580 920 619 921 580 921 620 921 620 922 580 922 581 922 620 923 581 923 621 923 621 924 581 924 582 924 621 924 582 924 622 924 622 925 582 925 27 925 622 926 27 926 22 926 99 927 98 927 623 927 99 928 623 928 595 928 595 929 623 929 624 929 595 930 624 930 594 930 594 931 624 931 625 931 594 932 625 932 593 932 593 933 625 933 626 933 593 934 626 934 592 934 592 935 626 935 627 935 592 936 627 936 591 936 591 937 627 937 628 937 591 938 628 938 590 938 590 939 628 939 589 939 589 940 628 940 629 940 589 941 629 941 588 941 588 942 629 942 587 942 587 943 629 943 630 943 587 944 630 944 586 944 586 945 630 945 585 945 585 946 630 946 631 946 585 947 631 947 584 947 584 948 631 948 583 948 583 949 631 949 17 949 583 950 17 950 16 950 37 951 613 951 632 951 633 952 634 952 635 952 141 953 604 953 636 953 635 954 634 954 141 954 637 955 141 955 634 955 637 956 634 956 638 956 638 957 634 957 633 957 638 958 633 958 639 958 640 959 141 959 637 959 641 960 642 960 643 960 643 961 642 961 636 961 643 962 636 962 644 962 644 963 636 963 604 963 644 964 604 964 603 964 640 965 637 965 645 965 645 966 637 966 638 966 645 967 638 967 646 967 646 968 638 968 639 968 646 969 639 969 647 969 648 970 141 970 640 970 649 971 641 971 650 971 650 972 641 972 643 972 650 973 643 973 651 973 651 974 643 974 644 974 651 975 644 975 652 975 652 976 644 976 603 976 652 977 603 977 602 977 648 978 640 978 653 978 653 979 640 979 645 979 653 980 645 980 654 980 654 981 645 981 646 981 654 982 646 982 655 982 655 983 646 983 647 983 655 984 647 984 656 984 657 985 141 985 648 985 658 986 649 986 659 986 659 987 649 987 650 987 659 988 650 988 660 988 660 989 650 989 651 989 660 990 651 990 661 990 661 991 651 991 652 991 661 992 652 992 662 992 662 993 652 993 602 993 662 994 602 994 601 994 657 995 648 995 663 995 663 996 648 996 653 996 663 997 653 997 664 997 664 998 653 998 654 998 664 999 654 999 665 999 665 1000 654 1000 655 1000 665 1001 655 1001 666 1001 666 1002 655 1002 656 1002 666 1003 656 1003 667 1003 668 1004 141 1004 657 1004 669 1005 658 1005 670 1005 670 1006 658 1006 659 1006 670 1007 659 1007 671 1007 671 1008 659 1008 660 1008 671 1009 660 1009 672 1009 672 1010 660 1010 661 1010 672 1011 661 1011 673 1011 673 1012 661 1012 662 1012 673 1013 662 1013 674 1013 674 1014 662 1014 601 1014 674 1015 601 1015 600 1015 668 1016 657 1016 675 1016 675 1017 657 1017 663 1017 675 1018 663 1018 676 1018 676 1019 663 1019 664 1019 676 1020 664 1020 677 1020 677 1021 664 1021 665 1021 677 1022 665 1022 678 1022 678 1023 665 1023 666 1023 678 1024 666 1024 679 1024 679 1025 666 1025 667 1025 679 1026 667 1026 680 1026 605 1027 141 1027 668 1027 681 1028 669 1028 682 1028 682 1029 669 1029 670 1029 682 1030 670 1030 683 1030 683 1031 670 1031 671 1031 683 1032 671 1032 684 1032 684 1033 671 1033 672 1033 684 1034 672 1034 685 1034 685 1035 672 1035 673 1035 685 1036 673 1036 686 1036 686 1037 673 1037 674 1037 686 1038 674 1038 687 1038 687 1039 674 1039 600 1039 687 1040 600 1040 599 1040 605 1041 668 1041 606 1041 606 1042 668 1042 675 1042 606 1043 675 1043 607 1043 607 1044 675 1044 676 1044 607 1045 676 1045 608 1045 608 1046 676 1046 677 1046 608 1047 677 1047 609 1047 609 1048 677 1048 678 1048 609 1049 678 1049 610 1049 610 1050 678 1050 679 1050 610 1051 679 1051 611 1051 611 1052 679 1052 680 1052 611 1053 680 1053 612 1053 688 1054 681 1054 689 1054 689 1055 681 1055 682 1055 689 1056 682 1056 690 1056 690 1057 682 1057 683 1057 690 1058 683 1058 691 1058 691 1059 683 1059 684 1059 691 1060 684 1060 692 1060 692 1061 684 1061 685 1061 692 1062 685 1062 693 1062 693 1063 685 1063 686 1063 693 1064 686 1064 694 1064 694 1065 686 1065 687 1065 694 1066 687 1066 695 1066 695 1067 687 1067 599 1067 695 1068 599 1068 598 1068 696 1069 688 1069 697 1069 697 1070 688 1070 689 1070 697 1071 689 1071 698 1071 698 1072 689 1072 690 1072 698 1073 690 1073 699 1073 699 1074 690 1074 691 1074 699 1075 691 1075 700 1075 700 1076 691 1076 692 1076 700 1077 692 1077 701 1077 701 1078 692 1078 693 1078 701 1079 693 1079 702 1079 702 1080 693 1080 694 1080 702 1081 694 1081 703 1081 703 1082 694 1082 695 1082 703 1083 695 1083 704 1083 704 1084 695 1084 598 1084 704 1085 598 1085 597 1085 613 1086 696 1086 632 1086 632 1087 696 1087 697 1087 632 1088 697 1088 705 1088 705 1089 697 1089 698 1089 705 1090 698 1090 706 1090 706 1091 698 1091 699 1091 706 1092 699 1092 707 1092 707 1093 699 1093 700 1093 707 1094 700 1094 708 1094 708 1095 700 1095 701 1095 708 1096 701 1096 709 1096 709 1097 701 1097 702 1097 709 1098 702 1098 710 1098 710 1099 702 1099 703 1099 710 1100 703 1100 711 1100 711 1101 703 1101 704 1101 711 1102 704 1102 712 1102 712 1103 704 1103 597 1103 712 1104 597 1104 596 1104 37 1105 632 1105 713 1105 713 1106 632 1106 705 1106 713 1107 705 1107 714 1107 714 1108 705 1108 706 1108 714 1109 706 1109 715 1109 715 1110 706 1110 707 1110 715 1111 707 1111 716 1111 716 1112 707 1112 708 1112 716 1113 708 1113 717 1113 717 1114 708 1114 709 1114 717 1115 709 1115 718 1115 718 1116 709 1116 710 1116 718 1117 710 1117 719 1117 719 1118 710 1118 711 1118 719 1119 711 1119 720 1119 720 1120 711 1120 712 1120 720 1121 712 1121 721 1121 721 1122 712 1122 596 1122 721 1123 596 1123 18 1123 642 1124 141 1124 636 1124 613 1125 612 1125 696 1125 696 1126 612 1126 680 1126 696 1127 680 1127 688 1127 688 1128 680 1128 667 1128 688 1129 667 1129 681 1129 681 1130 667 1130 656 1130 681 1131 656 1131 669 1131 669 1132 656 1132 647 1132 669 1133 647 1133 658 1133 658 1134 647 1134 639 1134 658 1135 639 1135 649 1135 649 1136 639 1136 633 1136 649 1137 633 1137 641 1137 641 1138 633 1138 635 1138 641 1139 635 1139 642 1139 642 1140 635 1140 141 1140 17 1141 631 1141 722 1141 723 1142 724 1142 725 1142 98 1143 614 1143 726 1143 725 1144 724 1144 98 1144 727 1145 98 1145 724 1145 727 1146 724 1146 728 1146 728 1147 724 1147 723 1147 728 1148 723 1148 729 1148 730 1149 98 1149 727 1149 731 1150 732 1150 733 1150 733 1151 732 1151 726 1151 733 1152 726 1152 734 1152 734 1153 726 1153 614 1153 734 1154 614 1154 615 1154 730 1155 727 1155 735 1155 735 1156 727 1156 728 1156 735 1157 728 1157 736 1157 736 1158 728 1158 729 1158 736 1159 729 1159 737 1159 738 1160 98 1160 730 1160 739 1161 731 1161 740 1161 740 1162 731 1162 733 1162 740 1163 733 1163 741 1163 741 1164 733 1164 734 1164 741 1165 734 1165 742 1165 742 1166 734 1166 615 1166 742 1167 615 1167 616 1167 738 1168 730 1168 743 1168 743 1169 730 1169 735 1169 743 1170 735 1170 744 1170 744 1171 735 1171 736 1171 744 1172 736 1172 745 1172 745 1173 736 1173 737 1173 745 1174 737 1174 746 1174 747 1175 98 1175 738 1175 748 1176 739 1176 749 1176 749 1177 739 1177 740 1177 749 1178 740 1178 750 1178 750 1179 740 1179 741 1179 750 1180 741 1180 751 1180 751 1181 741 1181 742 1181 751 1182 742 1182 752 1182 752 1183 742 1183 616 1183 752 1184 616 1184 617 1184 747 1185 738 1185 753 1185 753 1186 738 1186 743 1186 753 1187 743 1187 754 1187 754 1188 743 1188 744 1188 754 1189 744 1189 755 1189 755 1190 744 1190 745 1190 755 1191 745 1191 756 1191 756 1192 745 1192 746 1192 756 1193 746 1193 757 1193 758 1194 98 1194 747 1194 759 1195 748 1195 760 1195 760 1196 748 1196 749 1196 760 1197 749 1197 761 1197 761 1198 749 1198 750 1198 761 1199 750 1199 762 1199 762 1200 750 1200 751 1200 762 1201 751 1201 763 1201 763 1202 751 1202 752 1202 763 1203 752 1203 764 1203 764 1204 752 1204 617 1204 764 1205 617 1205 618 1205 758 1206 747 1206 765 1206 765 1207 747 1207 753 1207 765 1208 753 1208 766 1208 766 1209 753 1209 754 1209 766 1210 754 1210 767 1210 767 1211 754 1211 755 1211 767 1212 755 1212 768 1212 768 1213 755 1213 756 1213 768 1214 756 1214 769 1214 769 1215 756 1215 757 1215 769 1216 757 1216 770 1216 623 1217 98 1217 758 1217 771 1218 759 1218 772 1218 772 1219 759 1219 760 1219 772 1220 760 1220 773 1220 773 1221 760 1221 761 1221 773 1222 761 1222 774 1222 774 1223 761 1223 762 1223 774 1224 762 1224 775 1224 775 1225 762 1225 763 1225 775 1226 763 1226 776 1226 776 1227 763 1227 764 1227 776 1228 764 1228 777 1228 777 1229 764 1229 618 1229 777 1230 618 1230 619 1230 623 1231 758 1231 624 1231 624 1232 758 1232 765 1232 624 1233 765 1233 625 1233 625 1234 765 1234 766 1234 625 1235 766 1235 626 1235 626 1236 766 1236 767 1236 626 1237 767 1237 627 1237 627 1238 767 1238 768 1238 627 1239 768 1239 628 1239 628 1240 768 1240 769 1240 628 1241 769 1241 629 1241 629 1242 769 1242 770 1242 629 1243 770 1243 630 1243 778 1244 771 1244 779 1244 779 1245 771 1245 772 1245 779 1246 772 1246 780 1246 780 1247 772 1247 773 1247 780 1248 773 1248 781 1248 781 1249 773 1249 774 1249 781 1250 774 1250 782 1250 782 1251 774 1251 775 1251 782 1252 775 1252 783 1252 783 1253 775 1253 776 1253 783 1254 776 1254 784 1254 784 1255 776 1255 777 1255 784 1256 777 1256 785 1256 785 1257 777 1257 619 1257 785 1258 619 1258 620 1258 786 1259 778 1259 787 1259 787 1260 778 1260 779 1260 787 1261 779 1261 788 1261 788 1262 779 1262 780 1262 788 1263 780 1263 789 1263 789 1264 780 1264 781 1264 789 1265 781 1265 790 1265 790 1266 781 1266 782 1266 790 1267 782 1267 791 1267 791 1268 782 1268 783 1268 791 1269 783 1269 792 1269 792 1270 783 1270 784 1270 792 1271 784 1271 793 1271 793 1272 784 1272 785 1272 793 1273 785 1273 794 1273 794 1274 785 1274 620 1274 794 1275 620 1275 621 1275 631 1276 786 1276 722 1276 722 1277 786 1277 787 1277 722 1278 787 1278 795 1278 795 1279 787 1279 788 1279 795 1280 788 1280 796 1280 796 1281 788 1281 789 1281 796 1282 789 1282 797 1282 797 1283 789 1283 790 1283 797 1284 790 1284 798 1284 798 1285 790 1285 791 1285 798 1286 791 1286 799 1286 799 1287 791 1287 792 1287 799 1288 792 1288 800 1288 800 1289 792 1289 793 1289 800 1290 793 1290 801 1290 801 1291 793 1291 794 1291 801 1292 794 1292 802 1292 802 1293 794 1293 621 1293 802 1294 621 1294 622 1294 17 1295 722 1295 803 1295 803 1296 722 1296 795 1296 803 1297 795 1297 804 1297 804 1298 795 1298 796 1298 804 1299 796 1299 805 1299 805 1300 796 1300 797 1300 805 1301 797 1301 806 1301 806 1302 797 1302 798 1302 806 1303 798 1303 807 1303 807 1304 798 1304 799 1304 807 1305 799 1305 808 1305 808 1306 799 1306 800 1306 808 1307 800 1307 809 1307 809 1308 800 1308 801 1308 809 1309 801 1309 810 1309 810 1310 801 1310 802 1310 810 1311 802 1311 811 1311 811 1312 802 1312 622 1312 811 1313 622 1313 22 1313 732 1314 98 1314 726 1314 631 1315 630 1315 786 1315 786 1316 630 1316 770 1316 786 1317 770 1317 778 1317 778 1318 770 1318 757 1318 778 1319 757 1319 771 1319 771 1320 757 1320 746 1320 771 1321 746 1321 759 1321 759 1322 746 1322 737 1322 759 1323 737 1323 748 1323 748 1324 737 1324 729 1324 748 1325 729 1325 739 1325 739 1326 729 1326 723 1326 739 1327 723 1327 731 1327 731 1328 723 1328 725 1328 731 1329 725 1329 732 1329 732 1330 725 1330 98 1330 22 1331 37 1331 713 1331 22 1332 713 1332 811 1332 811 1333 713 1333 714 1333 811 1334 714 1334 810 1334 810 1335 714 1335 715 1335 810 1335 715 1335 809 1335 809 1336 715 1336 716 1336 809 1337 716 1337 808 1337 808 1338 716 1338 717 1338 808 1339 717 1339 807 1339 807 1340 717 1340 718 1340 807 1340 718 1340 806 1340 806 1341 718 1341 719 1341 806 1342 719 1342 805 1342 805 1343 719 1343 720 1343 805 1344 720 1344 804 1344 804 1345 720 1345 721 1345 804 1346 721 1346 803 1346 803 1347 721 1347 18 1347 803 1348 18 1348 17 1348</p>
        </triangles>
      </mesh>
    </geometry>
  </library_geometries>
  <library_visual_scenes>
    <visual_scene id="Scene" name="Scene">
      <node id="chin_top" name="chin_top" type="NODE">
        <matrix sid="transform">9.99987e-4 0 0 0.0554097 0 9.99987e-4 0 0.01101717 0 0 9.99987e-4 0.006378778 0 0 0 1</matrix>
        <instance_geometry url="#chin_top-mesh" name="chin_top">
          <bind_material>
            <technique_common>
              <instance_material symbol="Material_001-material" target="#Material_001-material"/>
            </technique_common>
          </bind_material>
        </instance_geometry>
      </node>
    </visual_scene>
  </library_visual_scenes>
  <scene>
    <instance_visual_scene url="#Scene"/>
  </scene>
</COLLADA>